subgroup,date,approval,disapproval
Voters,2020-10-04,44.668253,52.196997
Adults,2020-10-04,43.164862,52.619902
Adults,2020-10-03,43.164862,52.619902
Voters,2020-10-03,44.988484,51.742314
Adults,2020-10-02,43.277257,52.425932
Voters,2020-10-02,44.508121,52.14795
Voters,2020-10-01,44.121061,52.783256
Adults,2020-10-01,42.676607,53.282143
Adults,2020-09-30,42.225889,53.746233
Voters,2020-09-30,44.18968,52.677147
Voters,2020-09-29,44.259678,52.40992
Adults,2020-09-29,41.976736,53.277067
Adults,2020-09-28,42.038574,53.332385
Voters,2020-09-28,44.263237,52.407347
Adults,2020-09-27,42.038574,53.332385
Voters,2020-09-27,44.28928,52.22449
Voters,2020-09-26,43.919316,52.702484
Adults,2020-09-26,41.265648,53.919465
Adults,2020-09-25,41.265648,53.919465
Voters,2020-09-25,43.919316,52.702484
Voters,2020-09-24,43.867556,52.826619
Adults,2020-09-24,41.107704,54.154437
Adults,2020-09-23,41.009062,54.184102
Voters,2020-09-23,43.47008,53.022982
Adults,2020-09-22,41.036704,53.759231
Voters,2020-09-22,43.139061,53.221237
Voters,2020-09-21,43.095794,53.228666
Adults,2020-09-21,40.775537,53.972509
Voters,2020-09-20,43.971201,52.776949
Adults,2020-09-20,41.624382,53.32548
Adults,2020-09-19,41.624382,53.32548
Voters,2020-09-19,43.879983,52.68666
Voters,2020-09-18,43.879983,52.68666
Adults,2020-09-18,41.624382,53.32548
Voters,2020-09-17,43.707177,52.925473
Adults,2020-09-17,41.96297,53.515044
Adults,2020-09-16,41.472472,53.886346
Voters,2020-09-16,43.81705,52.856107
Voters,2020-09-15,43.807024,52.79834
Adults,2020-09-15,41.303258,53.71976
Adults,2020-09-14,41.432106,53.577168
Voters,2020-09-14,43.844448,52.784307
Voters,2020-09-13,43.784654,52.836578
Adults,2020-09-13,41.340194,53.498731
Adults,2020-09-12,41.340194,53.498731
Voters,2020-09-12,43.021278,53.228217
Adults,2020-09-11,41.35091,53.518576
Voters,2020-09-11,43.021278,53.228217
Voters,2020-09-10,43.022355,53.225414
Adults,2020-09-10,41.512838,53.947723
Voters,2020-09-09,43.194505,53.188114
Adults,2020-09-09,41.145925,54.123225
Voters,2020-09-08,43.900108,52.18123
Adults,2020-09-08,41.436258,53.670444
Adults,2020-09-07,41.478483,53.612054
Voters,2020-09-07,44.052782,52.080897
Voters,2020-09-06,43.992693,52.120935
Adults,2020-09-06,41.52114,53.357716
Adults,2020-09-05,41.52114,53.357716
Voters,2020-09-05,43.992693,52.120935
Adults,2020-09-04,41.52114,53.357716
Voters,2020-09-04,43.992693,52.120935
Voters,2020-09-03,43.901355,52.202635
Adults,2020-09-03,41.52114,53.357716
Adults,2020-09-02,41.393013,53.415751
Voters,2020-09-02,43.889747,52.30807
Adults,2020-09-01,40.710184,55.451356
Voters,2020-09-01,44.523388,52.066883
Voters,2020-08-31,44.347452,52.253319
Adults,2020-08-31,40.523852,55.680858
Adults,2020-08-30,40.545451,55.667372
Voters,2020-08-30,42.931703,53.351105
Adults,2020-08-29,40.545451,55.667372
Voters,2020-08-29,42.931703,53.351105
Voters,2020-08-28,42.93757,53.354962
Adults,2020-08-28,40.591327,55.610336
Voters,2020-08-27,43.345831,53.374763
Adults,2020-08-27,40.520656,55.620215
Adults,2020-08-26,40.520656,55.620215
Voters,2020-08-26,43.226579,53.317282
Voters,2020-08-25,42.550279,53.830702
Adults,2020-08-25,40.24987,55.959876
Adults,2020-08-24,40.208898,56.024279
Voters,2020-08-24,42.553595,53.855702
Voters,2020-08-23,42.072002,54.114714
Adults,2020-08-23,40.820818,55.17111
Adults,2020-08-22,40.890804,55.074371
Voters,2020-08-22,42.178473,53.992381
Adults,2020-08-21,40.890804,55.074371
Voters,2020-08-21,42.109292,54.201881
Voters,2020-08-20,42.37188,53.92032
Adults,2020-08-20,41.195789,54.683667
Voters,2020-08-19,42.224615,53.990748
Adults,2020-08-19,41.218221,54.618022
Voters,2020-08-18,42.186708,54.096482
Adults,2020-08-18,41.311415,54.543188
Adults,2020-08-17,41.355919,54.578043
Voters,2020-08-17,42.110153,54.191626
Adults,2020-08-16,40.793108,54.771434
Voters,2020-08-16,42.393737,54.262631
Voters,2020-08-15,42.010432,54.57737
Adults,2020-08-15,40.470256,55.079899
Adults,2020-08-14,40.465576,55.045725
Voters,2020-08-14,41.996961,54.561362
Voters,2020-08-13,42.20424,54.554212
Adults,2020-08-13,40.544764,55.067581
Adults,2020-08-12,40.51487,55.077561
Voters,2020-08-12,42.414112,54.353929
Adults,2020-08-11,40.43112,55.254182
Voters,2020-08-11,42.086772,54.395714
Voters,2020-08-10,41.988932,54.359047
Adults,2020-08-10,40.3861,55.366146
Voters,2020-08-09,41.954913,54.403005
Adults,2020-08-09,40.426433,55.224679
Adults,2020-08-08,40.426433,55.224679
Voters,2020-08-08,41.954913,54.403005
Voters,2020-08-07,41.954913,54.403005
Adults,2020-08-07,40.426433,55.224679
Voters,2020-08-06,41.782422,54.515465
Adults,2020-08-06,40.392858,55.190094
Adults,2020-08-05,40.506257,55.13284
Voters,2020-08-05,41.865495,54.492144
Voters,2020-08-04,42.254478,53.97219
Adults,2020-08-04,40.113621,55.351746
Voters,2020-08-03,42.296033,53.944971
Adults,2020-08-03,39.902188,55.518688
Voters,2020-08-02,42.200055,54.114457
Adults,2020-08-02,40.016978,55.25875
Adults,2020-08-01,40.016978,55.25875
Voters,2020-08-01,42.200055,54.114457
Adults,2020-07-31,40.016978,55.25875
Voters,2020-07-31,42.200055,54.114457
Voters,2020-07-30,41.296759,54.677211
Adults,2020-07-30,40.017417,55.253604
Voters,2020-07-29,41.138476,55.346823
Adults,2020-07-29,39.967624,55.69492
Voters,2020-07-28,40.344463,55.964711
Adults,2020-07-28,39.671966,55.809461
Adults,2020-07-27,39.617738,55.872736
Voters,2020-07-27,40.383729,55.894016
Voters,2020-07-26,40.77583,55.596234
Adults,2020-07-26,39.158068,56.383385
Adults,2020-07-25,39.153046,56.344261
Voters,2020-07-25,40.77583,55.596234
Adults,2020-07-24,39.153046,56.344261
Voters,2020-07-24,40.77583,55.596234
Voters,2020-07-23,40.931297,55.482465
Adults,2020-07-23,39.071247,56.438804
Adults,2020-07-22,39.085916,56.389319
Voters,2020-07-22,40.849557,55.620706
Adults,2020-07-21,39.140021,56.532695
Voters,2020-07-21,40.844588,55.502363
Voters,2020-07-20,41.109678,55.407245
Adults,2020-07-20,39.474642,56.303323
Adults,2020-07-19,39.497713,56.197452
Voters,2020-07-19,41.139075,55.354458
Adults,2020-07-18,39.566988,56.265487
Voters,2020-07-18,40.739294,55.192133
Voters,2020-07-17,40.739294,55.192133
Adults,2020-07-17,39.566988,56.265487
Voters,2020-07-16,40.943184,55.005862
Adults,2020-07-16,39.63104,56.269399
Adults,2020-07-15,39.593906,56.300045
Voters,2020-07-15,40.902731,55.062059
Voters,2020-07-14,41.242419,54.527883
Adults,2020-07-14,39.66195,56.35825
Adults,2020-07-13,39.622797,56.042254
Voters,2020-07-13,41.132169,54.679219
Voters,2020-07-12,41.090612,55.286956000000004
Adults,2020-07-12,39.538852,55.968737
Adults,2020-07-11,39.538852,55.968737
Voters,2020-07-11,40.805233,55.548612
Adults,2020-07-10,39.538852,55.968737
Voters,2020-07-10,40.805233,55.548612
Voters,2020-07-09,40.740068,55.653048
Adults,2020-07-09,39.46973,55.996682
Voters,2020-07-08,40.721666,55.640398
Adults,2020-07-08,39.927464,55.884479
Voters,2020-07-07,40.863598,55.705694
Adults,2020-07-07,40.341115,55.733564
Adults,2020-07-06,40.127439,56.274332
Voters,2020-07-06,41.1416,55.573143
Voters,2020-07-05,40.985412,55.703865
Adults,2020-07-05,40.143646,56.410891
Adults,2020-07-04,40.143646,56.410891
Voters,2020-07-04,40.985412,55.703865
Adults,2020-07-03,40.143646,56.410891
Voters,2020-07-03,40.985412,55.703865
Voters,2020-07-02,40.895036,55.772391
Adults,2020-07-02,40.215539,56.337405
Adults,2020-07-01,40.135013,56.425815
Voters,2020-07-01,40.691403,56.069362
Adults,2020-06-30,40.083442,57.033869
Voters,2020-06-30,40.954983,55.809271
Voters,2020-06-29,41.138215,55.285319
Adults,2020-06-29,40.281183,56.777594
Voters,2020-06-28,40.923345,55.492882
Adults,2020-06-28,40.099868,56.873656
Adults,2020-06-27,40.099868,56.873656
Voters,2020-06-27,40.923345,55.492882
Voters,2020-06-26,40.923345,55.492882
Adults,2020-06-26,40.099868,56.873656
Voters,2020-06-25,40.82888,54.69656
Adults,2020-06-25,39.8699,55.865459
Adults,2020-06-24,39.842722,55.722476
Voters,2020-06-24,41.286854,55.133248
Voters,2020-06-23,41.669989,54.722589
Adults,2020-06-23,39.919344,55.729882
Voters,2020-06-22,41.757222,54.884493
Adults,2020-06-22,39.897809,55.725231
Voters,2020-06-21,42.352375,54.696737
Adults,2020-06-21,39.91204,55.781951
Adults,2020-06-20,39.91204,55.781951
Voters,2020-06-20,42.352375,54.696737
Adults,2020-06-19,39.948969,55.836371
Voters,2020-06-19,42.352375,54.696737
Voters,2020-06-18,42.400976,54.695885
Adults,2020-06-18,39.975879,55.762485
Voters,2020-06-17,41.592103,55.114669
Adults,2020-06-17,39.747179,55.712369
Voters,2020-06-16,41.826764,54.833596
Adults,2020-06-16,39.969497,55.489367
Adults,2020-06-15,39.969497,55.489367
Voters,2020-06-15,41.817059,54.867788
Voters,2020-06-14,41.919534,54.327186
Adults,2020-06-14,40.198758,55.249593
Adults,2020-06-13,40.198758,55.249593
Voters,2020-06-13,41.919534,54.327186
Adults,2020-06-12,40.198758,55.249593
Voters,2020-06-12,41.919534,54.327186
Voters,2020-06-11,41.520222,54.725654
Adults,2020-06-11,40.198758,55.249593
Adults,2020-06-10,40.152325,55.143281
Voters,2020-06-10,41.791798,54.972925
Adults,2020-06-09,40.098825,55.156679
Voters,2020-06-09,41.733794,54.905326
Voters,2020-06-08,41.8713,54.74364
Adults,2020-06-08,40.087201,55.153286
Voters,2020-06-07,42.282863,54.062353
Adults,2020-06-07,40.895963,54.170327
Adults,2020-06-06,40.895963,54.170327
Voters,2020-06-06,42.203073,54.106187
Voters,2020-06-05,42.203073,54.106187
Adults,2020-06-05,40.895963,54.170327
Voters,2020-06-04,42.379172,53.640724
Adults,2020-06-04,41.182024,53.277058
Adults,2020-06-03,42.650641,53.757567
Voters,2020-06-03,42.70874,53.761675
Voters,2020-06-02,42.869312,54.199645
Adults,2020-06-02,42.147774,54.25964
Adults,2020-06-01,42.629471,53.620187
Voters,2020-06-01,43.201541,53.763417
Voters,2020-05-31,43.388398,53.407222
Adults,2020-05-31,43.126314,53.101491
Adults,2020-05-30,42.551211,53.377343
Voters,2020-05-30,42.90888,53.676659
Adults,2020-05-29,42.551211,53.377343
Voters,2020-05-29,42.90888,53.676659
Voters,2020-05-28,42.912593,53.782857
Adults,2020-05-28,42.552145,53.301152
Voters,2020-05-27,42.714451,53.962761
Adults,2020-05-27,42.509956,53.315654
Adults,2020-05-26,42.756754,53.453191
Voters,2020-05-26,42.812703,53.806931
Adults,2020-05-25,42.730804,53.364728
Voters,2020-05-25,42.800166,53.727529
Voters,2020-05-24,43.037367,53.606342
Adults,2020-05-24,42.730804,53.364728
Voters,2020-05-23,43.037367,53.606342
Adults,2020-05-23,42.730804,53.364728
Adults,2020-05-22,42.730804,53.364728
Voters,2020-05-22,43.037367,53.606342
Voters,2020-05-21,43.228182,53.413231
Adults,2020-05-21,42.606297,53.321552
Adults,2020-05-20,43.364133,52.308899
Voters,2020-05-20,43.800054,52.490543
Adults,2020-05-19,43.587932,52.286891
Voters,2020-05-19,43.702583,52.647876
Voters,2020-05-18,44.102952,52.172594
Adults,2020-05-18,43.789593000000004,51.785875
Adults,2020-05-17,43.868388,51.63984
Voters,2020-05-17,44.221837,52.075628
Adults,2020-05-16,43.868388,51.63984
Voters,2020-05-16,44.221837,52.075628
Voters,2020-05-15,44.288291,51.999665
Adults,2020-05-15,43.868388,51.63984
Voters,2020-05-14,44.292958,51.981953
Adults,2020-05-14,43.279756,51.975325
Adults,2020-05-13,43.266949,51.878251
Voters,2020-05-13,44.297034,51.855194
Voters,2020-05-12,44.654207,51.547828
Adults,2020-05-12,43.339985,51.667014
Adults,2020-05-11,43.461749,50.849891
Voters,2020-05-11,44.176054,52.019713
Voters,2020-05-10,44.22521,51.896437
Adults,2020-05-10,43.322878,50.617221
Adults,2020-05-09,43.322878,50.617221
Voters,2020-05-09,44.22521,51.896437
Adults,2020-05-08,43.322878,50.617221
Voters,2020-05-08,44.105623,51.994272
Voters,2020-05-07,44.056065,52.005635
Adults,2020-05-07,43.415405,50.477516
Adults,2020-05-06,43.556467,50.233739
Voters,2020-05-06,44.069444,52.062152
Adults,2020-05-05,43.46774,50.196977
Voters,2020-05-05,43.621702,52.24917
Voters,2020-05-04,43.3071,52.535393
Adults,2020-05-04,44.031378,49.523166
Voters,2020-05-03,43.145933,52.42157
Adults,2020-05-03,43.984782,49.336269
Adults,2020-05-02,43.984782,49.336269
Voters,2020-05-02,43.145933,52.42157
Voters,2020-05-01,43.035872,52.504502
Adults,2020-05-01,43.984782,49.336269
Voters,2020-04-30,42.842148,52.644868
Adults,2020-04-30,43.659526,51.651923
Voters,2020-04-29,42.723025,52.614647
Adults,2020-04-29,43.021307,52.159112
Adults,2020-04-28,43.156577,51.925153
Voters,2020-04-28,42.691683,52.710678
Adults,2020-04-27,43.134294,52.092446
Voters,2020-04-27,43.652574,52.622846
Voters,2020-04-26,43.815235,52.459453
Adults,2020-04-26,43.256444,51.904479
Adults,2020-04-25,43.256444,51.904479
Voters,2020-04-25,43.815235,52.459453
Adults,2020-04-24,43.256444,51.904479
Voters,2020-04-24,43.816765,52.398494
Voters,2020-04-23,43.776987,52.476629
Adults,2020-04-23,43.278319,52.127499
Voters,2020-04-22,43.933659,52.284721
Adults,2020-04-22,43.21908,52.138887
Adults,2020-04-21,43.219237,51.955577
Voters,2020-04-21,44.238495,52.15145
Voters,2020-04-20,44.318684,52.271036
Adults,2020-04-20,43.788779,51.854119
Adults,2020-04-19,43.729986,51.718706
Voters,2020-04-19,44.455582,52.019311
Voters,2020-04-18,44.452591,52.070581
Adults,2020-04-18,43.729986,51.718706
Adults,2020-04-17,43.729986,51.718706
Voters,2020-04-17,44.390624,52.183793
Adults,2020-04-16,43.729986,51.718706
Voters,2020-04-16,44.477315,52.129322
Voters,2020-04-15,44.7615,51.533103
Adults,2020-04-15,43.994962,50.842083
Voters,2020-04-14,44.645348,51.774275
Adults,2020-04-14,43.764737,50.748517
Voters,2020-04-13,44.732763,51.747912
Adults,2020-04-13,43.65151,50.741525
Adults,2020-04-12,43.737121,50.141861
Voters,2020-04-12,44.941647,51.472969
Adults,2020-04-11,43.753236,50.112176
Voters,2020-04-11,45.002785,51.426613
Voters,2020-04-10,44.938443,51.52164
Adults,2020-04-10,43.746099,50.114895
Adults,2020-04-09,43.731399,49.90412
Voters,2020-04-09,45.358204,51.098136
Voters,2020-04-08,45.186756,51.312115
Adults,2020-04-08,43.928068,49.688209
Adults,2020-04-07,45.098854,49.136128
Voters,2020-04-07,45.51366,51.073382
Adults,2020-04-06,45.098854,49.136128
Voters,2020-04-06,45.482457,51.026615
Voters,2020-04-05,45.621096,50.911909
Adults,2020-04-05,45.945921,49.325406
Adults,2020-04-04,46.012938,49.088854
Voters,2020-04-04,45.701958,50.797167
Adults,2020-04-03,46.012938,49.088854
Voters,2020-04-03,45.777346,50.77266
Voters,2020-04-02,46.014258,50.636093
Adults,2020-04-02,45.585115,49.406728
Voters,2020-04-01,46.334424,50.251812
Adults,2020-04-01,45.816386,49.103169
Adults,2020-03-31,45.555048,49.565887
Voters,2020-03-31,45.908538,50.54636
Voters,2020-03-30,45.855167,50.533752
Adults,2020-03-30,45.668993,49.322072
Adults,2020-03-29,46.006565,49.016739
Voters,2020-03-29,46.196054,50.245697
Voters,2020-03-28,46.260866,50.176574
Adults,2020-03-28,46.098665,48.888298
Adults,2020-03-27,46.098665,48.888298
Voters,2020-03-27,46.242087,50.181704
Adults,2020-03-26,45.272299,50.288112
Voters,2020-03-26,45.500942,50.890813
Voters,2020-03-25,45.042247,50.735027
Adults,2020-03-25,44.688531,51.064189
Adults,2020-03-24,44.613072,51.045832
Voters,2020-03-24,44.969927,50.739752
Voters,2020-03-23,44.286483,51.395058
Adults,2020-03-23,43.500766,52.271777
Adults,2020-03-22,42.521573,53.357601
Voters,2020-03-22,43.338067,52.074268000000004
Adults,2020-03-21,42.521573,53.357601
Voters,2020-03-21,43.338067,52.074268000000004
Voters,2020-03-20,43.338067,52.074268000000004
Adults,2020-03-20,42.521573,53.357601
Voters,2020-03-19,43.942604,52.093956
Adults,2020-03-19,43.707569,52.129788
Voters,2020-03-18,43.723324,52.180998
Adults,2020-03-18,42.283724,52.827204
Voters,2020-03-17,43.849942,52.093898
Adults,2020-03-17,42.197986,52.755507
Adults,2020-03-16,41.669307,53.476684
Voters,2020-03-16,43.855668,52.44601
Voters,2020-03-15,43.699202,52.350399
Adults,2020-03-15,41.706265,53.407293
Adults,2020-03-14,41.706265,53.407293
Voters,2020-03-14,43.348265,52.652942
Adults,2020-03-13,41.706265,53.407293
Voters,2020-03-13,43.348265,52.652942
Adults,2020-03-12,41.851013,53.233543
Voters,2020-03-12,43.264426,52.706389
Voters,2020-03-11,43.243008,52.786369
Adults,2020-03-11,41.873565,53.246121
Voters,2020-03-10,43.615096,52.728709
Adults,2020-03-10,42.103436,53.180746
Adults,2020-03-09,42.164667,53.136179
Voters,2020-03-09,43.648825,52.740924
Voters,2020-03-08,43.325293,53.030179
Adults,2020-03-08,41.915659,53.164789
Voters,2020-03-07,43.325293,53.030179
Adults,2020-03-07,41.915659,53.164789
Voters,2020-03-06,43.325293,53.030179
Adults,2020-03-06,41.915659,53.164789
Adults,2020-03-05,41.950918,53.138018
Voters,2020-03-05,43.439084,52.878107
Adults,2020-03-04,41.869315,53.042271
Voters,2020-03-04,43.830943,52.462662
Voters,2020-03-03,43.757786,52.716857
Adults,2020-03-03,41.90245,53.296993
Voters,2020-03-02,43.730251,52.792261
Adults,2020-03-02,41.470269,53.507357
Voters,2020-03-01,44.032557,52.464612
Adults,2020-03-01,41.424187,53.557556
Adults,2020-02-29,41.424187,53.557556
Voters,2020-02-29,44.032557,52.464612
Adults,2020-02-28,41.526025,53.488407
Voters,2020-02-28,44.17519,52.292412
Voters,2020-02-27,44.094298,51.985257
Adults,2020-02-27,41.526025,53.488407
Voters,2020-02-26,44.015076,52.071253
Adults,2020-02-26,41.526025,53.488407
Voters,2020-02-25,44.219495,51.813526
Adults,2020-02-25,41.436174,53.655948
Adults,2020-02-24,41.621152,53.405953
Voters,2020-02-24,44.033721,52.019836
Voters,2020-02-23,44.09074,51.927147
Adults,2020-02-23,41.621266,53.405936
Adults,2020-02-22,41.621266,53.405936
Voters,2020-02-22,44.09074,51.927147
Voters,2020-02-21,44.09074,51.927147
Adults,2020-02-21,41.621266,53.405936
Voters,2020-02-20,45.210504,50.713952
Adults,2020-02-20,42.453035,52.483543
Adults,2020-02-19,42.397958,52.329106
Voters,2020-02-19,45.79354,50.131318
Adults,2020-02-18,42.353427,52.498854
Voters,2020-02-18,45.648356,50.012939
Voters,2020-02-17,44.682075,51.658793
Adults,2020-02-17,42.353427,52.498854
Voters,2020-02-16,44.050822,52.114048
Adults,2020-02-16,42.316982,52.473988
Adults,2020-02-15,42.316982,52.473988
Voters,2020-02-15,43.980874,52.153646
Adults,2020-02-14,42.316982,52.473988
Voters,2020-02-14,43.980874,52.153646
Adults,2020-02-13,42.316982,52.473988
Voters,2020-02-13,44.016157,52.204223
Voters,2020-02-12,44.320303,51.789249
Adults,2020-02-12,42.316982,52.473988
Voters,2020-02-11,44.241162,51.938022
Adults,2020-02-11,42.569932,52.389968
Voters,2020-02-10,44.475435,51.739699
Adults,2020-02-10,42.738857,52.258416
Voters,2020-02-09,44.315428,51.771871
Adults,2020-02-09,42.908631,52.066139
Adults,2020-02-08,42.908631,52.066139
Voters,2020-02-08,44.315428,51.771871
Voters,2020-02-07,44.315394,51.772042
Adults,2020-02-07,42.908619,52.06628
Adults,2020-02-06,42.999762,51.983416
Voters,2020-02-06,44.143581,52.065025
Voters,2020-02-05,43.785319,52.297462
Adults,2020-02-05,42.521909,52.336885
Adults,2020-02-04,42.562989,52.257319
Voters,2020-02-04,44.067537,52.228955
Adults,2020-02-03,42.180371,52.525175
Voters,2020-02-03,44.076662,52.194396
Voters,2020-02-02,44.322535,51.896759
Adults,2020-02-02,42.378287,52.30828
Adults,2020-02-01,42.378287,52.30828
Voters,2020-02-01,44.233143,52.02111
Adults,2020-01-31,42.378287,52.30828
Voters,2020-01-31,44.343219,51.875146
Voters,2020-01-30,44.26148,51.964505
Adults,2020-01-30,41.221578,53.762664
Voters,2020-01-29,44.330772,51.885109
Adults,2020-01-29,41.365332,53.442971
Adults,2020-01-28,41.620321,53.447527
Voters,2020-01-28,44.760909,51.559897
Voters,2020-01-27,44.87548,51.692546
Adults,2020-01-27,41.599768,53.470903
Adults,2020-01-26,41.860138,53.263666
Voters,2020-01-26,44.825867,51.755869
Voters,2020-01-25,44.827291,51.485976
Adults,2020-01-25,41.824998,53.240979
Adults,2020-01-24,41.824998,53.240979
Voters,2020-01-24,44.827291,51.485976
Adults,2020-01-23,41.050393,54.390733
Voters,2020-01-23,43.952599,52.281616
Voters,2020-01-22,42.908049,53.233921
Adults,2020-01-22,41.008391,54.43823
Adults,2020-01-21,41.171095,54.15958
Voters,2020-01-21,42.893962,53.216538
Voters,2020-01-20,43.86012,52.139452
Adults,2020-01-20,41.591385,53.454896
Adults,2020-01-19,40.825079,53.895235
Voters,2020-01-19,43.459467,52.611509
Adults,2020-01-18,40.825079,53.895235
Voters,2020-01-18,43.459467,52.611509
Voters,2020-01-17,43.459467,52.611509
Adults,2020-01-17,40.825079,53.895235
Voters,2020-01-16,43.60321,52.372832
Adults,2020-01-16,40.850083,53.846841
Voters,2020-01-15,43.199324,52.646051
Adults,2020-01-15,40.882533,53.823655
Voters,2020-01-14,43.465981,52.381235
Adults,2020-01-14,41.013822,53.657616
Adults,2020-01-13,41.034345,53.614264
Voters,2020-01-13,43.423036,52.363178
Voters,2020-01-12,42.874007,53.024374
Adults,2020-01-12,40.571997,54.203202
Adults,2020-01-11,40.571997,54.203202
Voters,2020-01-11,42.874007,53.024374
Adults,2020-01-10,40.571997,54.203202
Voters,2020-01-10,42.874007,53.024374
Adults,2020-01-09,40.669623,54.091122
Voters,2020-01-09,42.830361,53.062583
Voters,2020-01-08,42.731808,53.184104
Adults,2020-01-08,40.718772,54.024778
Voters,2020-01-07,42.948346,53.066605
Adults,2020-01-07,40.752624,53.972635
Adults,2020-01-06,41.166023,53.827337
Voters,2020-01-06,43.461466,52.580852
Voters,2020-01-05,43.630267,52.48222
Adults,2020-01-05,41.151553,53.735925
Voters,2020-01-04,43.630267,52.48222
Adults,2020-01-04,41.151553,53.735925
Voters,2020-01-03,43.630267,52.48222
Adults,2020-01-03,41.151553,53.735925
Adults,2020-01-02,41.143823,53.753895
Voters,2020-01-02,43.439696,52.745274
Adults,2020-01-01,41.501866,53.287316
Voters,2020-01-01,43.439696,52.745274
Voters,2019-12-31,43.433428,52.754957
Adults,2019-12-31,41.502059,53.331658
Voters,2019-12-30,43.295235,52.850635
Adults,2019-12-30,41.532126,53.309184
Voters,2019-12-29,43.334989,52.791836000000004
Adults,2019-12-29,41.529158,53.254199
Adults,2019-12-28,41.529158,53.254199
Voters,2019-12-28,43.342017,52.785872
Adults,2019-12-27,41.529158,53.254199
Voters,2019-12-27,43.342017,52.785872
Voters,2019-12-26,43.464971,52.704941
Adults,2019-12-26,41.529158,53.254199
Voters,2019-12-25,43.460102,52.69767
Adults,2019-12-25,41.529158,53.254199
Voters,2019-12-24,43.505776,52.677392
Adults,2019-12-24,41.562748,53.21824
Adults,2019-12-23,41.562748,53.21824
Voters,2019-12-23,43.481986,52.719654
Voters,2019-12-22,44.393803,51.817597
Adults,2019-12-22,42.154385,52.533356
Adults,2019-12-21,42.154385,52.533356
Voters,2019-12-21,44.393803,51.817597
Voters,2019-12-20,44.393803,51.817597
Adults,2019-12-20,42.154385,52.533356
Voters,2019-12-19,44.591513,51.638629
Adults,2019-12-19,42.171758,52.462082
Adults,2019-12-18,42.167197,52.623452
Voters,2019-12-18,44.589122,51.686727
Adults,2019-12-17,42.30916,52.799462
Voters,2019-12-17,44.845494,51.48896
Voters,2019-12-16,44.436099,51.862087
Adults,2019-12-16,41.621896,53.228121
Adults,2019-12-15,40.528909,53.867039
Voters,2019-12-15,44.128887,52.228644
Voters,2019-12-14,43.054161,52.653766
Adults,2019-12-14,40.528909,53.867039
Adults,2019-12-13,40.54998,53.836946
Voters,2019-12-13,43.093035,52.650159
Adults,2019-12-12,40.544206,53.83368
Voters,2019-12-12,43.089496,52.636876
Voters,2019-12-11,43.134108,52.424121
Adults,2019-12-11,40.542021,53.856836
Voters,2019-12-10,43.40313,52.392756
Adults,2019-12-10,40.009531,54.732548
Voters,2019-12-09,43.288615,52.288382
Adults,2019-12-09,39.972315,54.69142
Voters,2019-12-08,43.098758,52.473208
Adults,2019-12-08,40.060856,54.59712
Adults,2019-12-07,40.060856,54.59712
Voters,2019-12-07,43.098758,52.473208
Voters,2019-12-06,43.098758,52.473208
Adults,2019-12-06,40.060856,54.59712
Adults,2019-12-05,40.074008,54.565128
Voters,2019-12-05,43.126379,52.4413
Voters,2019-12-04,42.877311,52.700177
Adults,2019-12-04,40.192389,54.496548
Adults,2019-12-03,40.244571,54.627215
Voters,2019-12-03,42.754576,52.896839
Adults,2019-12-02,40.295641,54.503279
Voters,2019-12-02,42.606101,53.144127
Voters,2019-12-01,42.688961,52.948363
Adults,2019-12-01,40.400857,54.428965
Adults,2019-11-30,40.400857,54.428965
Voters,2019-11-30,42.688961,52.948363
Voters,2019-11-29,42.68882,52.948572
Adults,2019-11-29,40.401472,54.428485
Adults,2019-11-28,40.408849,54.595
Voters,2019-11-28,42.68882,52.948572
Voters,2019-11-27,42.68882,52.948572
Adults,2019-11-27,40.408849,54.595
Adults,2019-11-26,40.416361,54.693738
Voters,2019-11-26,42.613189,53.079696
Voters,2019-11-25,42.79208,53.320564
Adults,2019-11-25,40.214607,54.758157
Voters,2019-11-24,43.032958,53.099428
Adults,2019-11-24,40.22211,54.750549
Adults,2019-11-23,40.22211,54.750549
Voters,2019-11-23,43.032958,53.099428
Adults,2019-11-22,40.22211,54.750549
Voters,2019-11-22,43.032958,53.099428
Adults,2019-11-21,40.083582,54.852014
Voters,2019-11-21,43.036843,53.14239
Voters,2019-11-20,42.566135,53.521917
Adults,2019-11-20,40.502583,54.266835
Adults,2019-11-19,40.568658,54.062424
Voters,2019-11-19,42.631384,53.590235
Voters,2019-11-18,42.14946,54.154347
Adults,2019-11-18,40.436648,54.631685
Adults,2019-11-17,40.384323,54.633742
Voters,2019-11-17,42.166843,54.192609
Adults,2019-11-16,40.384323,54.633742
Voters,2019-11-16,42.166843,54.192609
Voters,2019-11-15,42.166843,54.192609
Adults,2019-11-15,40.384323,54.633742
Voters,2019-11-14,42.158859,54.268196
Adults,2019-11-14,40.273318,54.84848
Voters,2019-11-13,41.921124,54.464671
Adults,2019-11-13,40.31404,54.812785
Voters,2019-11-12,42.00399,54.314966
Adults,2019-11-12,40.720077,54.501473
Adults,2019-11-11,40.888467,54.354874
Voters,2019-11-11,42.422535,53.942433
Voters,2019-11-10,42.345681,54.145162
Adults,2019-11-10,40.888467,54.354874
Adults,2019-11-09,40.888462,54.356111
Voters,2019-11-09,42.345681,54.145162
Adults,2019-11-08,40.888462,54.356111
Voters,2019-11-08,42.345681,54.145162
Adults,2019-11-07,40.888462,54.356111
Voters,2019-11-07,42.334364,54.182498
Voters,2019-11-06,42.047135,54.46759
Adults,2019-11-06,40.871114,54.348906
Voters,2019-11-05,42.290878,54.640157
Adults,2019-11-05,41.023874,54.517453
Adults,2019-11-04,40.567277,54.803274
Voters,2019-11-04,41.520588,55.167543
Voters,2019-11-03,41.616795,55.111016
Adults,2019-11-03,40.567277,54.803274
Adults,2019-11-02,39.958988,54.789802
Voters,2019-11-02,41.770568,54.58411
Voters,2019-11-01,41.761986,54.598524
Adults,2019-11-01,39.9269,54.824583
Adults,2019-10-31,40.149657,54.360924
Voters,2019-10-31,42.026711,54.03678
Adults,2019-10-30,39.781164,54.711444
Voters,2019-10-30,42.376165,53.716909
Voters,2019-10-29,41.818206000000004,53.937844
Adults,2019-10-29,39.770816,54.489289
Voters,2019-10-28,41.411454,54.452401
Adults,2019-10-28,40.029624,55.19965
Voters,2019-10-27,41.365285,54.506925
Adults,2019-10-27,40.014232,55.213872
Adults,2019-10-26,40.044437,55.252359
Voters,2019-10-26,41.269317,54.615968
Adults,2019-10-25,40.04129,55.24009
Voters,2019-10-25,41.21744,54.700920000000004
Voters,2019-10-24,41.05421,54.68102
Adults,2019-10-24,39.87063,55.34301
Adults,2019-10-23,39.9484,55.25607
Voters,2019-10-23,41.2116,54.52583
Voters,2019-10-22,41.75919,53.83527
Adults,2019-10-22,40.27821,55.58149
Adults,2019-10-21,40.14604,55.25757
Voters,2019-10-21,41.83702,54.07202
Voters,2019-10-20,42.59493,53.3815
Adults,2019-10-20,40.29583,54.78333
Adults,2019-10-19,40.26743,54.78476
Voters,2019-10-19,42.60291,53.402
Adults,2019-10-18,40.26743,54.78476
Voters,2019-10-18,42.60291,53.402
Adults,2019-10-17,40.32826,54.7421
Voters,2019-10-17,42.59619,53.42373
Voters,2019-10-16,42.81119,53.32702
Adults,2019-10-16,40.39907,54.6029
Voters,2019-10-15,42.63546,53.63924
Adults,2019-10-15,40.67811,54.49495
Adults,2019-10-14,41.52431,53.94159
Voters,2019-10-14,42.62624,53.69012
Voters,2019-10-13,42.9761,53.42178
Adults,2019-10-13,41.29232,53.91678
Voters,2019-10-12,42.92044,53.45435
Adults,2019-10-12,41.18126,54.01519
Voters,2019-10-11,42.97621,53.41169
Adults,2019-10-11,41.22839,53.95343
Adults,2019-10-10,41.22839,53.95343
Voters,2019-10-10,42.69854,53.60127
Adults,2019-10-09,40.7885,54.20791
Voters,2019-10-09,42.1762,53.94404
Voters,2019-10-08,42.32663,53.62748
Adults,2019-10-08,40.72084,54.30634
Voters,2019-10-07,42.29251,53.51721
Adults,2019-10-07,40.68073,54.28696
Voters,2019-10-06,42.34288,53.51552
Adults,2019-10-06,40.68073,54.28696
Adults,2019-10-05,40.68073,54.28696
Voters,2019-10-05,42.34288,53.51552
Adults,2019-10-04,40.68073,54.28696
Voters,2019-10-04,42.34288,53.51552
Voters,2019-10-03,42.20511,53.66293
Adults,2019-10-03,40.04394,54.56875
Adults,2019-10-02,40.05482,54.56097
Voters,2019-10-02,42.26967,53.57977
Voters,2019-10-01,42.98708,52.70588
Adults,2019-10-01,39.85726,54.64051
Adults,2019-09-30,40.52193,54.66271
Voters,2019-09-30,43.02348,52.52415
Voters,2019-09-29,43.41953,52.53223
Adults,2019-09-29,41.49999,54.17225
Adults,2019-09-28,41.49999,54.17225
Voters,2019-09-28,43.41953,52.53223
Adults,2019-09-27,41.49999,54.17225
Voters,2019-09-27,43.41953,52.53223
Adults,2019-09-26,41.5117,54.1226
Voters,2019-09-26,43.4763,52.52885
Voters,2019-09-25,43.77356,52.14323
Adults,2019-09-25,40.98133,53.97653
Voters,2019-09-24,44.31136,52.26445
Adults,2019-09-24,41.18949,54.21428
Adults,2019-09-23,40.977290000000004,54.41533
Voters,2019-09-23,43.33599,53.27531
Voters,2019-09-22,43.52413,53.0771
Adults,2019-09-22,40.9962,54.15166
Voters,2019-09-21,43.40904,53.0807
Adults,2019-09-21,40.9461,54.11779
Voters,2019-09-20,43.41684,53.02584
Adults,2019-09-20,40.97356,54.03707
Adults,2019-09-19,40.96386,53.99105
Voters,2019-09-19,43.25356,53.22668
Adults,2019-09-18,40.70612,54.13091
Voters,2019-09-18,43.20145,52.9161
Voters,2019-09-17,43.03273,53.04551
Adults,2019-09-17,40.77775,54.27126
Voters,2019-09-16,42.9939,53.10419
Adults,2019-09-16,40.77775,54.27126
Voters,2019-09-15,43.01107,53.08762
Adults,2019-09-15,40.77824,54.10818
Adults,2019-09-14,40.81009,54.11024
Voters,2019-09-14,43.05273,53.08102
Adults,2019-09-13,40.81009,54.11024
Voters,2019-09-13,43.05273,53.08102
Voters,2019-09-12,43.10069,53.08012
Adults,2019-09-12,40.85892,54.01538
Adults,2019-09-11,40.67099,54.18828
Voters,2019-09-11,43.02641,53.22295
Voters,2019-09-10,42.54695,53.41855
Adults,2019-09-10,40.02804,54.36032
Adults,2019-09-09,40.6016,54.26073
Voters,2019-09-09,42.62912,53.25327
Adults,2019-09-08,40.6016,54.26073
Voters,2019-09-08,42.59635,53.27431
Voters,2019-09-07,42.64939,53.15034
Adults,2019-09-07,40.55416,54.17743
Adults,2019-09-06,40.45258,54.22238
Voters,2019-09-06,42.67852,53.1221
Adults,2019-09-05,40.49976,54.13747
Voters,2019-09-05,42.65997,53.14747
Voters,2019-09-04,42.63621,53.14453
Adults,2019-09-04,40.44907,54.14291
Voters,2019-09-03,42.61919,53.32941
Adults,2019-09-03,40.54027,54.4237
Voters,2019-09-02,42.03629,53.85529
Adults,2019-09-02,40.2364,54.71144
Adults,2019-09-01,40.2364,54.71144
Voters,2019-09-01,42.17182,53.69319
Adults,2019-08-31,40.2364,54.71144
Voters,2019-08-31,42.17182,53.69319
Voters,2019-08-30,42.17182,53.69319
Adults,2019-08-30,40.2364,54.71144
Adults,2019-08-29,40.18253,54.71409
Voters,2019-08-29,42.23142,53.66891
Adults,2019-08-28,40.18253,54.71409
Voters,2019-08-28,42.20761,53.76553
Voters,2019-08-27,42.29822,53.57329
Adults,2019-08-27,40.21,54.77359
Voters,2019-08-26,42.51286,53.10126
Adults,2019-08-26,40.55687,54.3839
Voters,2019-08-25,42.5766,53.07409
Adults,2019-08-25,40.55687,54.3839
Adults,2019-08-24,40.57812,54.31651
Voters,2019-08-24,42.54197,53.06
Adults,2019-08-23,40.51901,54.32243
Voters,2019-08-23,42.50792,53.08319
Voters,2019-08-22,42.30774,53.35081
Adults,2019-08-22,40.53337,54.25316
Adults,2019-08-21,41.17577,53.78519
Voters,2019-08-21,42.45544,53.36531
Voters,2019-08-20,42.80458,53.49171
Adults,2019-08-20,41.18851,54.15236
Adults,2019-08-19,41.34017,53.99225
Voters,2019-08-19,42.97809,53.26048
Voters,2019-08-18,42.94289,53.2679
Adults,2019-08-18,41.3247,53.96731
Adults,2019-08-17,41.16001,53.71696
Voters,2019-08-17,42.94289,53.2679
Adults,2019-08-16,41.16001,53.71696
Voters,2019-08-16,42.94289,53.2679
Adults,2019-08-15,41.12548,53.79683
Voters,2019-08-15,43.01258,53.28262
Voters,2019-08-14,42.36597,53.84475
Adults,2019-08-14,41.07655,53.82833
Voters,2019-08-13,42.57611,53.35704
Adults,2019-08-13,41.01769,54.27569
Adults,2019-08-12,41.36837,53.9233
Voters,2019-08-12,42.71815,53.11773
Voters,2019-08-11,42.83628,52.95128
Adults,2019-08-11,41.35299,53.8873
Adults,2019-08-10,41.33028,53.93995
Voters,2019-08-10,42.8211,52.92754
Voters,2019-08-09,42.79941,52.95044
Adults,2019-08-09,41.33028,53.93995
Adults,2019-08-08,41.34695,53.95997
Voters,2019-08-08,42.90422,52.8478
Adults,2019-08-07,41.29712,53.92744
Voters,2019-08-07,42.79287,52.88634
Voters,2019-08-06,43.18039,52.70414
Adults,2019-08-06,41.35875,54.26418
Voters,2019-08-05,43.01029,52.81953
Adults,2019-08-05,41.43881,54.26041
Voters,2019-08-04,42.91727,52.84937
Adults,2019-08-04,41.47819,54.30265
Adults,2019-08-03,41.39196,54.37182
Voters,2019-08-03,42.82935,52.94078
Adults,2019-08-02,41.4176,54.32627
Voters,2019-08-02,42.85614,52.88085
Voters,2019-08-01,42.88264,52.7583
Adults,2019-08-01,41.50576,54.09896
Voters,2019-07-31,42.7958,52.82932
Adults,2019-07-31,41.43706,54.15806
Voters,2019-07-30,43.31136,52.16308
Adults,2019-07-30,41.90539,53.94893
Adults,2019-07-29,41.75597,54.08244
Voters,2019-07-29,42.88336,53.2417
Adults,2019-07-28,41.74086,54.02912
Voters,2019-07-28,42.90733,53.55477
Voters,2019-07-27,42.90329,53.54527
Adults,2019-07-27,41.68341,54.05159
Voters,2019-07-26,42.90155,53.53871
Adults,2019-07-26,41.73809,53.99703
Voters,2019-07-25,43.2421,53.08066
Adults,2019-07-25,41.75789,53.89915
Adults,2019-07-24,41.77722,53.86786
Voters,2019-07-24,43.29924,52.99433
Adults,2019-07-23,41.94186,53.65736
Voters,2019-07-23,43.20112,53.04208
Voters,2019-07-22,43.72396,52.29834
Adults,2019-07-22,42.27148,53.15537
Adults,2019-07-21,41.76081,52.88451
Voters,2019-07-21,43.43604,52.23381
Adults,2019-07-20,41.7347,52.97621
Voters,2019-07-20,43.43604,52.23381
Adults,2019-07-19,41.7347,52.97621
Voters,2019-07-19,43.43604,52.23381
Adults,2019-07-18,41.70742,52.9924
Voters,2019-07-18,43.24652,52.43539
Voters,2019-07-17,43.28456,52.39083
Adults,2019-07-17,41.47477,53.29071
Adults,2019-07-16,41.40459,53.38223
Voters,2019-07-16,43.02334,52.61884
Adults,2019-07-15,41.56728,53.19432
Voters,2019-07-15,43.16745,52.45496
Voters,2019-07-14,43.22157,52.43552
Adults,2019-07-14,41.95745,52.84312
Voters,2019-07-13,43.19133,52.3336
Adults,2019-07-13,41.92413,52.81344
Adults,2019-07-12,41.93135,52.85833
Voters,2019-07-12,43.21665,52.37023
Voters,2019-07-11,43.19458,52.46974
Adults,2019-07-11,41.82214,52.90969
Voters,2019-07-10,43.66334,51.89769
Adults,2019-07-10,41.78241,52.92617
Adults,2019-07-09,41.89097,52.8533
Voters,2019-07-09,43.70581,51.901
Voters,2019-07-08,44.02522,51.85133
Adults,2019-07-08,41.9083,52.78434
Adults,2019-07-07,42.00573,52.68435
Voters,2019-07-07,44.0078,51.91407
Adults,2019-07-06,41.38198,52.92344
Voters,2019-07-06,43.27773,52.39364
Voters,2019-07-05,43.27773,52.39364
Adults,2019-07-05,41.38198,52.92344
Voters,2019-07-04,43.27773,52.39364
Adults,2019-07-04,41.38198,52.92344
Voters,2019-07-03,43.27773,52.39364
Adults,2019-07-03,41.38198,52.92344
Voters,2019-07-02,43.13011,52.40186
Adults,2019-07-02,41.52959,52.98522
Voters,2019-07-01,42.78076,52.59958
Adults,2019-07-01,41.21426,53.77272
Voters,2019-06-30,42.86689,52.58272
Adults,2019-06-30,41.2774,53.69761
Adults,2019-06-29,41.3047,53.69752
Voters,2019-06-29,42.87017,52.54353
Voters,2019-06-28,42.87024,52.45925
Adults,2019-06-28,41.29354,53.6516
Adults,2019-06-27,41.19576,53.76571
Voters,2019-06-27,42.85568,52.41587
Adults,2019-06-26,41.24135,53.69577
Voters,2019-06-26,42.7098,52.53155
Voters,2019-06-25,42.77933,52.56237
Adults,2019-06-25,41.23476,53.79647
Voters,2019-06-24,43.26168,52.56486
Adults,2019-06-24,41.27888,53.85942
Voters,2019-06-23,43.40474,52.44482
Adults,2019-06-23,41.35574,53.7696
Adults,2019-06-22,41.37154,53.79381
Voters,2019-06-22,43.46454,52.39201
Adults,2019-06-21,41.37154,53.79381
Voters,2019-06-21,43.48903,52.37098
Voters,2019-06-20,43.44824,52.42218
Adults,2019-06-20,41.10581,54.02773
Adults,2019-06-19,41.16168,54.33514
Voters,2019-06-19,43.39155,52.64109
Voters,2019-06-18,43.13414,53.17694
Adults,2019-06-18,41.4959,53.7742
Adults,2019-06-17,41.40927,53.50222
Voters,2019-06-17,43.29304,52.87486
Voters,2019-06-16,43.52073,52.69219
Adults,2019-06-16,41.4086,53.46532
Adults,2019-06-15,41.09431,53.32391
Voters,2019-06-15,43.35339,52.56406
Adults,2019-06-14,41.09431,53.32391
Voters,2019-06-14,43.35339,52.56406
Adults,2019-06-13,41.04517,53.34916
Voters,2019-06-13,43.18822,52.71999
Voters,2019-06-12,42.89414,52.99918
Adults,2019-06-12,40.92997,53.47661
Voters,2019-06-11,42.76709,52.96496
Adults,2019-06-11,40.90348,53.28038
Adults,2019-06-10,41.30365,52.87118
Voters,2019-06-10,42.78373,52.7384
Voters,2019-06-09,42.56394,52.88182
Adults,2019-06-09,40.70913,53.3314
Adults,2019-06-08,40.70913,53.3314
Voters,2019-06-08,42.56394,52.88182
Voters,2019-06-07,42.54494,52.90186
Adults,2019-06-07,40.70913,53.3314
Adults,2019-06-06,40.51807,53.94234
Voters,2019-06-06,42.33584,53.51864
Adults,2019-06-05,40.83706,53.52396
Voters,2019-06-05,42.78265,53.22811
Voters,2019-06-04,42.84028,53.08643
Adults,2019-06-04,40.84887,53.55051
Adults,2019-06-03,41.00229,53.54128
Voters,2019-06-03,42.65364,53.32177
Voters,2019-06-02,42.54643,53.45272
Adults,2019-06-02,40.88752,53.53193
Adults,2019-06-01,40.30524,54.03366
Voters,2019-06-01,42.28378,53.72763
Voters,2019-05-31,42.28378,53.72763
Adults,2019-05-31,40.30524,54.03366
Adults,2019-05-30,40.43422,54.38603
Voters,2019-05-30,42.18365,53.89496
Voters,2019-05-29,42.078360000000004,53.97222
Adults,2019-05-29,40.3208,54.48563
Voters,2019-05-28,42.08245,54.01007
Adults,2019-05-28,40.21971,54.28891
Adults,2019-05-27,40.23515,54.19918
Voters,2019-05-27,42.07652,54.05464
Adults,2019-05-26,40.23515,54.19918
Voters,2019-05-26,42.11361,54.01198
Adults,2019-05-25,40.23515,54.19918
Voters,2019-05-25,42.11361,54.01198
Voters,2019-05-24,42.11361,54.01198
Adults,2019-05-24,40.23515,54.19918
Adults,2019-05-23,40.18141,54.22702
Voters,2019-05-23,42.14296,54.0145
Adults,2019-05-22,40.14721,54.00454
Voters,2019-05-22,41.98075,53.96857
Voters,2019-05-21,41.979730000000004,53.87491
Adults,2019-05-21,40.14015,54.12924
Voters,2019-05-20,42.17826,53.6207
Adults,2019-05-20,40.69801,53.45184
Adults,2019-05-19,40.69801,53.45184
Voters,2019-05-19,42.32533,53.48997
Voters,2019-05-18,42.32533,53.48997
Adults,2019-05-18,40.69801,53.45184
Voters,2019-05-17,42.37827,53.40162
Adults,2019-05-17,40.73031,53.42979
Voters,2019-05-16,42.50833,53.33923
Adults,2019-05-16,40.75094,53.48198
Adults,2019-05-15,40.75094,53.48198
Voters,2019-05-15,42.6801,53.20797
Adults,2019-05-14,41.09052,53.42982
Voters,2019-05-14,43.03286,52.62215
Voters,2019-05-13,42.93863,52.59036
Adults,2019-05-13,41.92653,52.78691
Voters,2019-05-12,43.04588,53.00797
Adults,2019-05-12,41.87191,52.71604
Voters,2019-05-11,43.04588,53.00797
Adults,2019-05-11,41.87191,52.71604
Adults,2019-05-10,41.84447,52.67296
Voters,2019-05-10,43.05749,53.01198
Adults,2019-05-09,41.84447,52.67296
Voters,2019-05-09,43.07478,53.01715
Voters,2019-05-08,43.07555,52.93488
Adults,2019-05-08,41.90039,52.61849
Adults,2019-05-07,42.38367,52.44556
Voters,2019-05-07,43.28363,52.91903
Voters,2019-05-06,43.31911,52.84899
Adults,2019-05-06,42.09672,52.7935
Voters,2019-05-05,43.25917,52.89013
Adults,2019-05-05,42.07003,52.7985
Adults,2019-05-04,41.45581,52.93256
Voters,2019-05-04,43.25917,52.89013
Voters,2019-05-03,43.25917,52.89013
Adults,2019-05-03,41.45581,52.93256
Adults,2019-05-02,40.62981,53.75661
Voters,2019-05-02,43.22665,52.97828
Adults,2019-05-01,40.6577,53.66841
Voters,2019-05-01,42.9759,53.05439
Voters,2019-04-30,42.38634,53.06581
Adults,2019-04-30,39.80204,53.95821
Voters,2019-04-29,42.52669,52.86676
Adults,2019-04-29,39.95821,53.81079
Adults,2019-04-28,39.81222,53.88261
Voters,2019-04-28,42.49869,52.91497
Voters,2019-04-27,42.49869,52.91497
Adults,2019-04-27,39.81222,53.88261
Voters,2019-04-26,42.52747,52.8409
Adults,2019-04-26,39.76424,53.8444
Voters,2019-04-25,42.45556,52.86634
Adults,2019-04-25,39.93294,54.25357
Adults,2019-04-24,39.9197,54.22156
Voters,2019-04-24,42.41169,52.87223
Adults,2019-04-23,39.7673,54.77791
Voters,2019-04-23,42.33819,52.99057
Voters,2019-04-22,42.16531,53.18429
Adults,2019-04-22,40.3757,54.18097
Voters,2019-04-21,42.77319,52.56753
Adults,2019-04-21,40.23711,54.15499
Voters,2019-04-20,42.77319,52.56753
Adults,2019-04-20,40.23711,54.15499
Adults,2019-04-19,40.19921,54.09414
Voters,2019-04-19,42.80421,52.52311
Adults,2019-04-18,40.60906,53.97884
Voters,2019-04-18,42.85012,52.44035
Voters,2019-04-17,42.84515,52.40409
Adults,2019-04-17,40.56404,54.02172
Adults,2019-04-16,41.11728,52.8999
Voters,2019-04-16,42.57107,52.47728
Voters,2019-04-15,42.35459,52.54155
Adults,2019-04-15,41.01833,52.92936
Voters,2019-04-14,42.5415,52.95232
Adults,2019-04-14,41.31856,53.04157
Adults,2019-04-13,41.25759,53.01853
Voters,2019-04-13,42.51073,52.9668
Voters,2019-04-12,42.51073,52.9668
Adults,2019-04-12,41.25759,53.01853
Adults,2019-04-11,40.85019,53.38719
Voters,2019-04-11,42.61239,52.89458
Adults,2019-04-10,40.85019,53.38719
Voters,2019-04-10,42.56272,52.90921
Voters,2019-04-09,42.64828,52.77839
Adults,2019-04-09,41.09583,53.26064
Voters,2019-04-08,43.32839,52.14639
Adults,2019-04-08,41.51352,52.87071
Adults,2019-04-07,41.31673,53.24081
Voters,2019-04-07,43.22304,52.28773
Voters,2019-04-06,43.26601,52.19761
Adults,2019-04-06,41.36978,53.1011
Voters,2019-04-05,43.292230000000004,52.11568
Adults,2019-04-05,41.44179,53.02666
Voters,2019-04-04,43.20959,52.20429
Adults,2019-04-04,41.50174,52.8595
Adults,2019-04-03,41.46787,52.86533
Voters,2019-04-03,43.22319,52.16893
Adults,2019-04-02,41.35085,52.91891
Voters,2019-04-02,43.02574,52.37064
Voters,2019-04-01,43.14048,52.45205
Adults,2019-04-01,41.54586,52.78931
Voters,2019-03-31,43.12605,52.59381
Adults,2019-03-31,41.54586,52.78931
Voters,2019-03-30,43.04285,52.62777
Adults,2019-03-30,41.17068,52.6919
Adults,2019-03-29,41.17068,52.6919
Voters,2019-03-29,43.04285,52.62777
Adults,2019-03-28,40.98962,52.74918
Voters,2019-03-28,42.69593,52.95423
Voters,2019-03-27,42.65763,52.95763
Adults,2019-03-27,40.99378,52.83921
Adults,2019-03-26,41.01191,53.49006
Voters,2019-03-26,42.41875,53.18531
Voters,2019-03-25,43.39223,52.39909
Adults,2019-03-25,40.82512,53.5863
Adults,2019-03-24,40.82304,53.60898
Voters,2019-03-24,43.18447,52.44268
Adults,2019-03-23,40.82338,53.54807
Voters,2019-03-23,42.87403,52.61969
Voters,2019-03-22,42.87403,52.61969
Adults,2019-03-22,40.82338,53.54807
Adults,2019-03-21,40.88237,53.52068
Voters,2019-03-21,42.63582,52.73285
Adults,2019-03-20,40.59555,53.7851
Voters,2019-03-20,42.53457,52.81481
Voters,2019-03-19,42.55615,52.7708
Adults,2019-03-19,40.83169,53.69938
Voters,2019-03-18,42.85701,52.62822
Adults,2019-03-18,41.16959,53.30325
Adults,2019-03-17,40.92827,53.97402
Voters,2019-03-17,42.72636,53.19128
Voters,2019-03-16,42.72493,53.17706
Adults,2019-03-16,40.97558,53.95229
Voters,2019-03-15,42.68256,53.22584
Adults,2019-03-15,40.90125,54.04138
Voters,2019-03-14,42.82355,53.00077
Adults,2019-03-14,41.15266,53.7949
Adults,2019-03-13,41.34909,53.63763
Voters,2019-03-13,42.64162,53.09475
Adults,2019-03-12,41.39862,53.61236
Voters,2019-03-12,42.51807,53.17521
Voters,2019-03-11,42.5494,53.29485
Adults,2019-03-11,41.28474,53.91755
Voters,2019-03-10,42.57926,53.27302
Adults,2019-03-10,41.27819,53.89863
Voters,2019-03-09,42.57926,53.27302
Adults,2019-03-09,41.27819,53.89863
Adults,2019-03-08,41.28119,53.91053
Voters,2019-03-08,42.54274,53.28022
Adults,2019-03-07,41.66734,53.60081
Voters,2019-03-07,42.43244,53.3085
Voters,2019-03-06,42.23935,53.51493
Adults,2019-03-06,41.66734,53.60081
Adults,2019-03-05,41.18424,54.04747
Voters,2019-03-05,41.76803,53.5519
Voters,2019-03-04,42.55911,53.18879
Adults,2019-03-04,41.45337,53.92007
Adults,2019-03-03,41.35925,54.03245
Voters,2019-03-03,42.64135,53.16066
Adults,2019-03-02,40.74055,54.06102
Voters,2019-03-02,42.73643,52.95174
Voters,2019-03-01,42.83979,52.84579
Adults,2019-03-01,40.70159,54.09612
Adults,2019-02-28,41.04222,54.12649
Voters,2019-02-28,42.89241,53.02461
Adults,2019-02-27,41.07079,54.09288
Voters,2019-02-27,42.75151,53.1054
Voters,2019-02-26,42.69373,53.29458
Adults,2019-02-26,41.06399,54.10258
Voters,2019-02-25,43.19084,52.90681
Adults,2019-02-25,41.35035,54.03788
Voters,2019-02-24,43.2385,52.73145
Adults,2019-02-24,41.29942,54.0314
Adults,2019-02-23,41.27164,53.98615
Voters,2019-02-23,43.25957,52.71745
Adults,2019-02-22,41.27164,53.98615
Voters,2019-02-22,43.25957,52.71745
Voters,2019-02-21,42.85559,53.03147
Adults,2019-02-21,41.33581,53.97561
Adults,2019-02-20,40.6429,54.50671
Voters,2019-02-20,42.88668,53.05883
Adults,2019-02-19,40.58351,54.61047
Voters,2019-02-19,42.7675,53.16241
Voters,2019-02-18,42.97749,53.24595
Adults,2019-02-18,40.14311,55.0954
Voters,2019-02-17,42.96331,53.19065
Adults,2019-02-17,40.15818,54.96553
Voters,2019-02-16,42.95282,53.17573
Adults,2019-02-16,40.04198,55.03495
Adults,2019-02-15,40.04198,55.03495
Voters,2019-02-15,42.90593,53.40847
Adults,2019-02-14,39.94764,55.07407
Voters,2019-02-14,42.84945,53.41948
Voters,2019-02-13,42.83984,53.41368
Adults,2019-02-13,39.78507,55.22072
Adults,2019-02-12,39.2173,55.90938
Voters,2019-02-12,42.27277,53.68688
Voters,2019-02-11,42.14777,53.9542
Adults,2019-02-11,39.3547,55.72991
Voters,2019-02-10,42.04487,54.05088
Adults,2019-02-10,39.30507,55.64968
Adults,2019-02-09,39.29391,55.66657
Voters,2019-02-09,41.98431,54.07937
Voters,2019-02-08,41.98431,54.07937
Adults,2019-02-08,39.29391,55.66657
Adults,2019-02-07,39.245,55.73035
Voters,2019-02-07,41.76154,54.25367
Adults,2019-02-06,39.17336,55.76817
Voters,2019-02-06,41.62054,54.38211
Voters,2019-02-05,41.49454,54.59675
Adults,2019-02-05,39.29878,55.76375
Voters,2019-02-04,41.01645,55.08982
Adults,2019-02-04,39.28359,55.83174
Adults,2019-02-03,38.89598,56.25002
Voters,2019-02-03,40.7788,55.35003
Voters,2019-02-02,40.76747,55.30098
Adults,2019-02-02,38.97214,56.17984
Voters,2019-02-01,40.72831,55.30827
Adults,2019-02-01,38.92126,56.18649
Voters,2019-01-31,40.76448,55.20304
Adults,2019-01-31,38.8746,56.21391
Adults,2019-01-30,38.8746,56.21391
Voters,2019-01-30,40.77748,55.21791
Adults,2019-01-29,39.12983,56.15456
Voters,2019-01-29,40.87305,55.13858
Voters,2019-01-28,40.9616,55.31767
Adults,2019-01-28,39.04753,56.28809
Voters,2019-01-27,40.42616,55.58136
Adults,2019-01-27,38.52261,56.46836
Voters,2019-01-26,40.40027,55.53305
Adults,2019-01-26,38.25626,56.42288
Adults,2019-01-25,38.25626,56.42288
Voters,2019-01-25,40.40027,55.53305
Adults,2019-01-24,38.58607,56.32202
Voters,2019-01-24,41.03642,54.96578
Voters,2019-01-23,41.07663,54.94678
Adults,2019-01-23,38.50995,56.30651
Adults,2019-01-22,39.42207,55.19516
Voters,2019-01-22,41.42202,54.44519
Voters,2019-01-21,41.33651,54.73135
Adults,2019-01-21,39.07627,55.55013
Adults,2019-01-20,39.106,55.55056
Voters,2019-01-20,41.42671,54.59335
Adults,2019-01-19,39.06089,55.50785
Voters,2019-01-19,41.39695,54.51344
Voters,2019-01-18,41.39695,54.51344
Adults,2019-01-18,39.06089,55.50785
Adults,2019-01-17,39.02931,55.45872
Voters,2019-01-17,41.28986,54.58846
Adults,2019-01-16,39.44763,54.93596
Voters,2019-01-16,41.31862,54.48079
Voters,2019-01-15,41.86878,54.01814
Adults,2019-01-15,40.07089,54.59599
Voters,2019-01-14,41.66304,54.11945
Adults,2019-01-14,40.08126,54.5193
Adults,2019-01-13,39.70861,54.67443
Voters,2019-01-13,41.81806,53.88078
Voters,2019-01-12,41.91363,53.75868
Adults,2019-01-12,40.43567,54.13609
Adults,2019-01-11,40.41727,54.0993
Voters,2019-01-11,41.91311,53.75307
Voters,2019-01-10,41.92067,53.68281
Adults,2019-01-10,40.4232,54.1909
Adults,2019-01-09,40.43377,54.13043
Voters,2019-01-09,42.00117,53.61448
Adults,2019-01-08,40.56102,54.09017
Voters,2019-01-08,42.00666,53.54546
Voters,2019-01-07,42.22881,53.44289
Adults,2019-01-07,40.83181,53.87444
Voters,2019-01-06,42.26724,53.46757
Adults,2019-01-06,40.93617,53.66079
Voters,2019-01-05,42.26724,53.46757
Adults,2019-01-05,40.93617,53.66079
Adults,2019-01-04,40.95282,53.58542
Voters,2019-01-04,42.32024,53.36796
Adults,2019-01-03,40.95282,53.58542
Voters,2019-01-03,42.31845,53.33292
Voters,2019-01-02,42.34768,53.35385
Adults,2019-01-02,40.90391,53.58268
Adults,2019-01-01,41.14145,53.42892
Voters,2019-01-01,42.50409,53.18977
Voters,2018-12-31,42.56866,53.09455
Adults,2018-12-31,41.18989,53.38986
Adults,2018-12-30,41.13201,53.4039
Voters,2018-12-30,42.51141,53.14865
Adults,2018-12-29,41.13805,53.28939
Voters,2018-12-29,42.50721,53.03738
Voters,2018-12-28,42.49585,52.94865
Adults,2018-12-28,41.28329,53.19054
Adults,2018-12-27,41.28329,53.19054
Voters,2018-12-27,42.5213,52.92836
Adults,2018-12-26,41.13368,53.25821
Voters,2018-12-26,42.50584,52.97219
Voters,2018-12-25,43.00541,52.46081
Adults,2018-12-25,41.3329,53.44158
Voters,2018-12-24,43.04998,52.4295
Adults,2018-12-24,41.3157,53.37861
Adults,2018-12-23,41.54923,53.18558
Voters,2018-12-23,43.22877,52.23954
Voters,2018-12-22,43.22877,52.23954
Adults,2018-12-22,41.54923,53.18558
Adults,2018-12-21,41.6064,53.06789
Voters,2018-12-21,43.19737,52.21807
Voters,2018-12-20,43.11878,52.27651
Adults,2018-12-20,41.50785,52.77949
Adults,2018-12-19,41.47917,52.72347
Voters,2018-12-19,43.08582,52.1537
Adults,2018-12-18,41.60646,52.74824
Voters,2018-12-18,43.58849,51.99868
Voters,2018-12-17,43.29996,52.19585
Adults,2018-12-17,41.17932,52.98439
Voters,2018-12-16,43.35625,51.97405
Adults,2018-12-16,41.51873,52.547110000000004
Adults,2018-12-15,41.38058,52.04842
Voters,2018-12-15,43.34373,51.97961
Voters,2018-12-14,43.34373,51.97961
Adults,2018-12-14,41.38058,52.04842
Voters,2018-12-13,43.47062,51.73734
Adults,2018-12-13,41.21475,51.94945
Adults,2018-12-12,41.32789,52.3196
Voters,2018-12-12,43.29251,51.97773
Voters,2018-12-11,42.74178,51.88388
Adults,2018-12-11,41.03597,52.4451
Voters,2018-12-10,43.47831,52.28874
Adults,2018-12-10,41.41085,52.5799
Voters,2018-12-09,43.56701,52.0468
Adults,2018-12-09,41.53585,52.08897
Adults,2018-12-08,41.45955,52.0139
Voters,2018-12-08,43.44135,51.9887
Adults,2018-12-07,41.48484,51.91557
Voters,2018-12-07,43.41546,51.9128
Voters,2018-12-06,43.32276,52.16639
Adults,2018-12-06,41.26759,52.21886
Adults,2018-12-05,41.31243,52.01647
Voters,2018-12-05,43.86594,51.2907
Adults,2018-12-04,41.25144,52.30512
Voters,2018-12-04,43.61461,51.5563
Voters,2018-12-03,44.04657,51.16261
Adults,2018-12-03,41.46508,52.26476
Voters,2018-12-02,44.31874,51.39655
Adults,2018-12-02,41.49432,53.37064
Adults,2018-12-01,41.47535,53.3846
Voters,2018-12-01,44.33083,51.38251
Voters,2018-11-30,44.39586,51.28436
Adults,2018-11-30,41.65052,53.20943
Adults,2018-11-29,41.45345,53.13
Voters,2018-11-29,44.3835,51.23285
Voters,2018-11-28,44.46817,51.18842
Adults,2018-11-28,41.45221,53.13449
Voters,2018-11-27,44.57539,51.21335
Adults,2018-11-27,41.78384,53.17499
Voters,2018-11-26,44.24561,51.66513
Adults,2018-11-26,41.48991,53.54078
Voters,2018-11-25,44.24561,51.66513
Adults,2018-11-25,42.05087,52.69595
Voters,2018-11-24,44.24029,51.62688
Adults,2018-11-24,42.06359,52.69842
Adults,2018-11-23,42.06359,52.69842
Voters,2018-11-23,44.24029,51.62688
Adults,2018-11-22,42.06359,52.69842
Voters,2018-11-22,44.24029,51.62688
Adults,2018-11-21,42.04636,52.70115
Voters,2018-11-21,44.231,51.62628
Voters,2018-11-20,43.67185,52.25628
Adults,2018-11-20,41.36785,53.77509
Adults,2018-11-19,41.95154,53.44681
Voters,2018-11-19,43.66652,52.25591
Voters,2018-11-18,43.54309,52.50111
Adults,2018-11-18,41.69414,53.7718
Adults,2018-11-17,41.73164,53.75866
Voters,2018-11-17,43.5631,52.51929
Adults,2018-11-16,41.73164,53.75866
Voters,2018-11-16,43.5631,52.51929
Voters,2018-11-15,43.50974,52.5196
Adults,2018-11-15,41.75514,53.6969
Adults,2018-11-14,41.23523,52.89913
Voters,2018-11-14,43.41381,52.62209
Voters,2018-11-13,43.42043,52.75005
Adults,2018-11-13,40.61781,53.0643
Voters,2018-11-12,43.75782,52.54499
Adults,2018-11-12,40.61583,52.94898
Voters,2018-11-11,43.99274,52.54802
Adults,2018-11-11,40.9953,52.69562
Voters,2018-11-10,43.99274,52.54802
Adults,2018-11-10,40.9953,52.69562
Voters,2018-11-09,43.99274,52.54802
Adults,2018-11-09,40.9953,52.69562
Voters,2018-11-08,43.974,52.43206
Adults,2018-11-08,40.78244,52.53972
Voters,2018-11-07,43.95908,52.52884
Adults,2018-11-07,40.74214,52.56145
Adults,2018-11-06,40.48145,53.00826
Voters,2018-11-06,43.46575,53.09192
Adults,2018-11-05,40.4739,53.00861
Voters,2018-11-05,43.56351,53.09978
Voters,2018-11-04,43.93788,52.49273
Adults,2018-11-04,40.87445,52.54226
Voters,2018-11-03,43.58811,52.78697
Adults,2018-11-03,40.97435,52.90569
Voters,2018-11-02,43.49814,52.82076
Adults,2018-11-02,40.95804,52.90847
Adults,2018-11-01,40.96518,52.97818
Voters,2018-11-01,43.3008,53.11375
Adults,2018-10-31,40.90771,53.04964
Voters,2018-10-31,43.49135,53.11095
Voters,2018-10-30,43.81819,52.79923
Adults,2018-10-30,40.85725,53.05312
Adults,2018-10-29,40.88111,52.85437
Voters,2018-10-29,43.95501,52.53939
Voters,2018-10-28,44.05027,52.29248
Adults,2018-10-28,41.06237,52.64185
Adults,2018-10-27,41.04082,52.63843
Voters,2018-10-27,44.00035,52.34957
Adults,2018-10-26,41.04082,52.63843
Voters,2018-10-26,43.92102,52.42857
Voters,2018-10-25,44.13043,52.195
Adults,2018-10-25,41.44135,52.17218
Adults,2018-10-24,41.61412,52.0952
Voters,2018-10-24,44.29115,51.97921
Adults,2018-10-23,41.72484,52.26817
Voters,2018-10-23,44.01097,52.47669
Voters,2018-10-22,43.97047,52.52752
Adults,2018-10-22,41.8205,52.23176
Voters,2018-10-21,43.89709,52.472
Adults,2018-10-21,41.19103,52.56804
Adults,2018-10-20,41.12504,52.63827
Voters,2018-10-20,43.76139,52.55682
Voters,2018-10-19,43.68245,52.61926
Adults,2018-10-19,41.13824,52.48888
Voters,2018-10-18,43.9041,52.54461
Adults,2018-10-18,41.59738,52.14656
Voters,2018-10-17,43.90088,52.56697
Adults,2018-10-17,41.50082,52.14148
Adults,2018-10-16,41.04716,52.63054
Voters,2018-10-16,43.2679,52.63101
Adults,2018-10-15,41.20238,52.30219
Voters,2018-10-15,43.30664,52.58164
Voters,2018-10-14,43.09204,52.75011
Adults,2018-10-14,40.89894,52.84336
Voters,2018-10-13,43.06012,52.88596
Adults,2018-10-13,40.79158,52.9166
Voters,2018-10-12,43.04792,52.86861
Adults,2018-10-12,40.79158,52.9166
Adults,2018-10-11,40.91623,52.86021
Voters,2018-10-11,43.04139,52.77861
Adults,2018-10-10,40.7862,52.89258
Voters,2018-10-10,42.8601,52.88068
Voters,2018-10-09,43.46759,52.2512
Adults,2018-10-09,40.7876,52.95682
Adults,2018-10-08,41.47743,52.58164
Voters,2018-10-08,43.75935,51.84927
Voters,2018-10-07,43.71084,52.13918
Adults,2018-10-07,41.19777,52.95583
Adults,2018-10-06,41.2299,52.77577
Voters,2018-10-06,43.83076,51.9288
Adults,2018-10-05,41.2299,52.77577
Voters,2018-10-05,43.58519,52.13831
Voters,2018-10-04,43.66148,52.4379
Adults,2018-10-04,41.32581,52.78148
Adults,2018-10-03,41.03708,52.97064
Voters,2018-10-03,43.38432,52.74972
Adults,2018-10-02,41.06406,52.5085
Voters,2018-10-02,43.11298,52.56477
Voters,2018-10-01,43.13089,52.6396
Adults,2018-10-01,41.23629,52.54569
Voters,2018-09-30,43.54089,52.16042
Adults,2018-09-30,40.59028,52.66371
Adults,2018-09-29,40.59028,52.66371
Voters,2018-09-29,43.54089,52.16042
Voters,2018-09-28,43.50611,52.06491
Adults,2018-09-28,40.72626,52.78752
Voters,2018-09-27,43.48447,52.14566
Adults,2018-09-27,40.59393,52.8017
Voters,2018-09-26,43.4899,52.09438
Adults,2018-09-26,40.56958,52.82096
Adults,2018-09-25,39.97768,53.89395
Voters,2018-09-25,43.68663,52.20901
Adults,2018-09-24,39.6658,54.23514
Voters,2018-09-24,43.81634,52.17994
Voters,2018-09-23,43.78153,52.25086
Adults,2018-09-23,39.6658,54.23514
Voters,2018-09-22,43.03456,52.60383
Adults,2018-09-22,39.6658,54.23514
Voters,2018-09-21,42.92581,52.72727
Adults,2018-09-21,39.42852,54.34696
Adults,2018-09-20,39.46564,53.964
Voters,2018-09-20,42.47611,53.02012
Adults,2018-09-19,39.38368,54.02188
Voters,2018-09-19,42.27726,53.31838
Voters,2018-09-18,42.41969,53.26352
Adults,2018-09-18,39.30877,54.08852
Adults,2018-09-17,38.89231,54.16165
Voters,2018-09-17,41.53277,53.66873
Voters,2018-09-16,41.18386,53.81324
Adults,2018-09-16,38.94613,54.03018
Adults,2018-09-15,38.94613,54.03018
Voters,2018-09-15,41.18386,53.81324
Adults,2018-09-14,38.94613,54.03018
Voters,2018-09-14,40.93293,53.90979
Voters,2018-09-13,40.7944,53.92591
Adults,2018-09-13,38.95065,54.00037
Adults,2018-09-12,39.00288,53.78424
Voters,2018-09-12,40.61292,53.98311
Adults,2018-09-11,38.67489,54.17178
Voters,2018-09-11,41.29042,53.29997
Voters,2018-09-10,41.30315,53.33519
Adults,2018-09-10,38.49725,54.48452
Voters,2018-09-09,42.45607,52.82278
Adults,2018-09-09,39.01255,53.79688
Adults,2018-09-08,39.01255,53.79688
Voters,2018-09-08,42.45607,52.82278
Voters,2018-09-07,42.38865,52.81744
Adults,2018-09-07,39.01255,53.79688
Adults,2018-09-06,39.01255,53.79688
Voters,2018-09-06,42.20895,52.91023
Voters,2018-09-05,41.97416,53.01204
Adults,2018-09-05,38.70277,53.90323
Voters,2018-09-04,41.62132,53.48704
Adults,2018-09-04,38.99077,54.65858
Voters,2018-09-03,41.62132,53.48704
Adults,2018-09-03,38.98354,54.68635
Adults,2018-09-02,38.70051,55.1427
Voters,2018-09-02,42.4197,53.52188
Voters,2018-09-01,42.4197,53.52188
Adults,2018-09-01,38.70051,55.1427
Voters,2018-08-31,42.4197,53.52188
Adults,2018-08-31,38.70051,55.1427
Voters,2018-08-30,42.37328,53.56899
Adults,2018-08-30,40.21771,53.64916
Adults,2018-08-29,40.19815,53.62261
Voters,2018-08-29,42.26508,53.73957
Voters,2018-08-28,42.18199,53.87004
Adults,2018-08-28,40.17032,53.77883
Adults,2018-08-27,40.92954,53.22636
Voters,2018-08-27,42.6465,53.55759
Voters,2018-08-26,42.60069,53.47943
Adults,2018-08-26,40.8222,53.32508
Adults,2018-08-25,40.8222,53.32508
Voters,2018-08-25,42.34155,53.75689
Adults,2018-08-24,40.8222,53.32508
Voters,2018-08-24,42.34155,53.75689
Voters,2018-08-23,42.80038,53.26539
Adults,2018-08-23,41.21027,52.92406
Adults,2018-08-22,41.2382,52.78958
Voters,2018-08-22,42.87815,53.26927
Voters,2018-08-21,43.33063,52.31107
Adults,2018-08-21,40.96861,53.03755
Voters,2018-08-20,43.4515,52.24882
Adults,2018-08-20,41.5228,52.44403
Voters,2018-08-19,43.56767,51.98381
Adults,2018-08-19,40.94939,52.79398
Voters,2018-08-18,43.56767,51.98381
Adults,2018-08-18,40.94939,52.79398
Voters,2018-08-17,43.56767,51.98381
Adults,2018-08-17,40.94939,52.79398
Voters,2018-08-16,43.711,51.85901
Adults,2018-08-16,41.11528,52.6733
Voters,2018-08-15,43.68356,51.7925
Adults,2018-08-15,41.05444,52.67272
Voters,2018-08-14,43.84809,51.91397
Adults,2018-08-14,41.07513,52.83012
Voters,2018-08-13,43.66196,52.03722
Adults,2018-08-13,40.7837,52.92828
Adults,2018-08-12,41.00831,52.67714
Voters,2018-08-12,43.5351,52.12256
Voters,2018-08-11,43.5351,52.12256
Adults,2018-08-11,41.00831,52.67714
Voters,2018-08-10,43.5351,52.12256
Adults,2018-08-10,41.00831,52.67714
Voters,2018-08-09,43.57416,52.00754
Adults,2018-08-09,40.90953,52.53155
Adults,2018-08-08,40.90062,52.52702
Voters,2018-08-08,43.42355,52.08693
Voters,2018-08-07,43.14393,52.44352
Adults,2018-08-07,40.90865,52.60241
Adults,2018-08-06,40.8045,52.79921
Voters,2018-08-06,43.11097,52.50591
Voters,2018-08-05,43.13605,52.4722
Adults,2018-08-05,40.7165,52.89643
Adults,2018-08-04,40.7165,52.89643
Voters,2018-08-04,43.13605,52.4722
Adults,2018-08-03,40.7165,52.89643
Voters,2018-08-03,43.13605,52.4722
Voters,2018-08-02,43.22049,52.34184
Adults,2018-08-02,40.60411,52.81405
Adults,2018-08-01,40.59207,52.81376
Voters,2018-08-01,42.97926,52.51762
Adults,2018-07-31,40.67309,52.77095
Voters,2018-07-31,43.17537,52.50702
Voters,2018-07-30,42.88094,52.83874
Adults,2018-07-30,40.58243,52.8306
Voters,2018-07-29,42.73167,52.97345
Adults,2018-07-29,40.45608,52.87462
Adults,2018-07-28,40.46957,52.84661
Voters,2018-07-28,42.75357,52.79805
Voters,2018-07-27,42.75357,52.79805
Adults,2018-07-27,40.46957,52.84661
Adults,2018-07-26,40.12176,52.89869
Voters,2018-07-26,42.53392,53.05232
Voters,2018-07-25,42.54901,53.04598
Adults,2018-07-25,40.18114,52.88525
Adults,2018-07-24,40.62229,53.01218
Voters,2018-07-24,42.16222,53.72567
Adults,2018-07-23,40.69263,53.0982
Voters,2018-07-23,42.62905,53.09624
Voters,2018-07-22,43.08591,52.72598
Adults,2018-07-22,41.00065,52.99276
Voters,2018-07-21,42.87643,52.82544
Adults,2018-07-21,41.00065,52.99276
Voters,2018-07-20,42.9778,52.55753
Adults,2018-07-20,41.12119,52.78588
Adults,2018-07-19,41.04249,52.99483
Voters,2018-07-19,42.7691,52.87815
Adults,2018-07-18,41.02374,53.03369
Voters,2018-07-18,42.77056,52.81044
Voters,2018-07-17,43.12508,52.562
Adults,2018-07-17,41.11613,53.05931
Adults,2018-07-16,41.2492,53.24006
Voters,2018-07-16,43.28642,52.57391
Voters,2018-07-15,43.4221,52.4774
Adults,2018-07-15,40.98757,53.64129
Adults,2018-07-14,40.98757,53.64129
Voters,2018-07-14,43.4221,52.4774
Adults,2018-07-13,40.95702,53.50804
Voters,2018-07-13,43.22959,52.41489
Voters,2018-07-12,43.54289,52.20567
Adults,2018-07-12,41.2538,53.33381
Adults,2018-07-11,41.23541,53.37967
Voters,2018-07-11,43.08789,52.45548
Voters,2018-07-10,42.96598,52.53059
Adults,2018-07-10,41.33836,53.45961
Voters,2018-07-09,43.14231,52.32187
Adults,2018-07-09,41.78059,53.18514
Voters,2018-07-08,43.34873,52.47079
Adults,2018-07-08,41.82602,53.03099
Voters,2018-07-07,43.24845,52.53096
Adults,2018-07-07,41.88363,52.91393
Voters,2018-07-06,43.24845,52.53096
Adults,2018-07-06,41.88363,52.91393
Adults,2018-07-05,41.2733,52.5207
Voters,2018-07-05,43.15408,52.65029
Adults,2018-07-04,41.18126,52.62317
Voters,2018-07-04,42.79001,52.6356
Voters,2018-07-03,42.79001,52.6356
Adults,2018-07-03,41.18126,52.62317
Voters,2018-07-02,43.01169,52.21621
Adults,2018-07-02,41.2618,52.33257
Voters,2018-07-01,42.93697,52.30202
Adults,2018-07-01,41.02074,52.3112
Adults,2018-06-30,40.90369,52.44347
Voters,2018-06-30,42.97145,51.97178
Voters,2018-06-29,42.97145,51.97178
Adults,2018-06-29,40.90369,52.44347
Adults,2018-06-28,41.14184,52.17743
Voters,2018-06-28,43.17663,51.7826
Voters,2018-06-27,43.1776,51.78136
Adults,2018-06-27,41.13719,52.32512
Voters,2018-06-26,43.1865,51.20868
Adults,2018-06-26,41.62234,51.86994
Adults,2018-06-25,41.64418,51.83811
Voters,2018-06-25,43.1451,51.36792
Voters,2018-06-24,43.16301,51.37271
Adults,2018-06-24,41.90523,51.86218
Voters,2018-06-23,43.16301,51.37271
Adults,2018-06-23,41.71001,51.8934
Voters,2018-06-22,43.16301,51.37271
Adults,2018-06-22,41.71001,51.8934
Adults,2018-06-21,42.00172,51.48632
Voters,2018-06-21,43.33474,51.11761
Adults,2018-06-20,42.0325,51.43397
Voters,2018-06-20,43.46984,51.1004
Voters,2018-06-19,43.08958,51.52604
Adults,2018-06-19,42.07304,51.28459
Voters,2018-06-18,42.97183,51.62914
Adults,2018-06-18,42.00614,51.34229
Voters,2018-06-17,43.42542,51.15118
Adults,2018-06-17,41.52295,51.69101
Adults,2018-06-16,41.52295,51.69101
Voters,2018-06-16,43.42542,51.15118
Adults,2018-06-15,41.52295,51.69101
Voters,2018-06-15,43.42542,51.15118
Voters,2018-06-14,43.3681,50.98183
Adults,2018-06-14,40.8569,51.99017
Voters,2018-06-13,42.78136,52.09525
Adults,2018-06-13,40.13609,53.3097
Voters,2018-06-12,42.87965,52.14505
Adults,2018-06-12,40.02678,53.47269
Adults,2018-06-11,40.01291,53.59898
Voters,2018-06-11,42.78002,52.28406
Adults,2018-06-10,40.18627,53.82103
Voters,2018-06-10,42.79602,52.01387
Voters,2018-06-09,42.79602,52.01387
Adults,2018-06-09,40.18627,53.82103
Voters,2018-06-08,43.00425,51.7534
Adults,2018-06-08,40.40632,53.67761
Voters,2018-06-07,43.0961,51.68435
Adults,2018-06-07,40.42962,53.62804
Adults,2018-06-06,40.33237,53.70401
Voters,2018-06-06,42.50404,51.87386
Adults,2018-06-05,40.44235,53.55142
Voters,2018-06-05,42.83619,52.36436
Voters,2018-06-04,43.17106,52.14459
Adults,2018-06-04,40.69446,53.40321
Adults,2018-06-03,40.71766,52.98875
Voters,2018-06-03,43.15339,52.21043
Voters,2018-06-02,43.15339,52.21043
Adults,2018-06-02,40.71766,52.98875
Adults,2018-06-01,40.71828,53.13774
Voters,2018-06-01,43.01175,52.32869
Adults,2018-05-31,40.8495,53.17712
Voters,2018-05-31,42.98384,52.50377
Voters,2018-05-30,43.83958,51.92925
Adults,2018-05-30,41.6642,52.75167
Adults,2018-05-29,41.76685,52.83926
Voters,2018-05-29,43.78471,51.98037
Adults,2018-05-28,41.99337,52.63074
Voters,2018-05-28,43.84,51.94191
Voters,2018-05-27,43.79807,52.02154
Adults,2018-05-27,42.22683,52.47744
Voters,2018-05-26,43.79807,52.02154
Adults,2018-05-26,42.22683,52.47744
Adults,2018-05-25,41.50639,52.96363
Voters,2018-05-25,43.59041,52.06197
Voters,2018-05-24,43.5501,52.11543
Adults,2018-05-24,41.47203,53.01518
Voters,2018-05-23,43.61057,52.01884
Adults,2018-05-23,41.43077,53.05821
Voters,2018-05-22,44.31966,51.37411
Adults,2018-05-22,41.62594,53.08809
Adults,2018-05-21,41.47403,53.08644
Voters,2018-05-21,43.82499,51.68853
Voters,2018-05-20,43.97738,51.6349
Adults,2018-05-20,41.89252,52.66195
Adults,2018-05-19,41.89252,52.66195
Voters,2018-05-19,43.97738,51.6349
Voters,2018-05-18,43.97738,51.6349
Adults,2018-05-18,41.89252,52.66195
Voters,2018-05-17,44.0947,51.43144
Adults,2018-05-17,41.84563,52.42226
Adults,2018-05-16,41.79456,52.57684
Voters,2018-05-16,44.02909,51.47376
Adults,2018-05-15,41.96143,52.51834
Voters,2018-05-15,44.40396,51.21085
Voters,2018-05-14,43.98285,51.49353
Adults,2018-05-14,41.64623,52.55623
Adults,2018-05-13,41.87981,52.13836
Voters,2018-05-13,44.05393,51.25135
Adults,2018-05-12,41.87981,52.13836
Voters,2018-05-12,44.05393,51.25135
Voters,2018-05-11,43.86341,51.41866
Adults,2018-05-11,41.77017,51.98849
Adults,2018-05-10,41.77017,51.98849
Voters,2018-05-10,43.78321,51.52347
Voters,2018-05-09,43.90227,51.34514
Adults,2018-05-09,41.68295,51.72627
Voters,2018-05-08,44.27958,50.97989
Adults,2018-05-08,41.55399,52.40225
Voters,2018-05-07,44.40765,50.87634
Adults,2018-05-07,41.64465,51.93254
Voters,2018-05-06,44.46766,51.08508
Adults,2018-05-06,41.63478,51.85504
Adults,2018-05-05,41.63478,51.85504
Voters,2018-05-05,44.46766,51.08508
Voters,2018-05-04,43.6785,51.79247
Adults,2018-05-04,40.6316,52.52063
Voters,2018-05-03,43.54569,51.8676
Adults,2018-05-03,40.6316,52.52063
Voters,2018-05-02,43.28582,52.10906
Adults,2018-05-02,40.41153,53.05294
Voters,2018-05-01,43.46177,51.83176
Adults,2018-05-01,40.40989,53.1492
Adults,2018-04-30,39.54348,54.13103
Voters,2018-04-30,42.08463,53.31245
Adults,2018-04-29,39.13266,54.52254
Voters,2018-04-29,42.05209,53.37514
Voters,2018-04-28,42.05209,53.37514
Adults,2018-04-28,39.13266,54.52254
Voters,2018-04-27,42.23556,53.18722
Adults,2018-04-27,39.42226,54.15064
Voters,2018-04-26,42.22429,53.21845
Adults,2018-04-26,39.42226,54.15064
Adults,2018-04-25,39.29548,54.25216
Voters,2018-04-25,42.11814,53.1568
Adults,2018-04-24,39.47373,54.63929
Voters,2018-04-24,41.7774,53.26458
Voters,2018-04-23,41.86631,53.56692
Adults,2018-04-23,39.19358,55.05031
Voters,2018-04-22,41.86242,53.66699
Adults,2018-04-22,39.2908,55.13512
Adults,2018-04-21,39.2908,55.13512
Voters,2018-04-21,41.86242,53.66699
Adults,2018-04-20,39.2908,55.13512
Voters,2018-04-20,41.86242,53.66699
Adults,2018-04-19,39.19129,55.07352
Voters,2018-04-19,41.80221,53.76617
Voters,2018-04-18,41.69412,53.90058
Adults,2018-04-18,39.05623,55.20915
Adults,2018-04-17,39.39812,54.94127
Voters,2018-04-17,42.33051,53.1986
Adults,2018-04-16,39.45117,54.69387
Voters,2018-04-16,42.53479,52.87267
Voters,2018-04-15,41.82263,53.19533
Adults,2018-04-15,39.45118,54.83865
Voters,2018-04-14,41.82263,53.19533
Adults,2018-04-14,39.51859,54.07335
Adults,2018-04-13,39.51859,54.07335
Voters,2018-04-13,41.82263,53.19533
Voters,2018-04-12,41.77796,53.09574
Adults,2018-04-12,39.33269,54.10183
Voters,2018-04-11,41.79477,53.2348
Adults,2018-04-11,39.21613,54.18848
Voters,2018-04-10,41.75703,53.15528
Adults,2018-04-10,39.34561,54.23932
Adults,2018-04-09,39.34561,54.23932
Voters,2018-04-09,41.16166,54.16276
Voters,2018-04-08,41.01259,54.23832
Adults,2018-04-08,39.02662,54.37126
Adults,2018-04-07,39.02662,54.37126
Voters,2018-04-07,41.01259,54.23832
Voters,2018-04-06,41.01259,54.23832
Adults,2018-04-06,39.02662,54.37126
Voters,2018-04-05,41.3074,54.02983
Adults,2018-04-05,39.407,54.10432
Adults,2018-04-04,39.37093,54.10816
Voters,2018-04-04,41.36893,54.05376
Adults,2018-04-03,39.56424,53.97991
Voters,2018-04-03,41.39609,53.92669
Voters,2018-04-02,41.64708,53.63681
Adults,2018-04-02,39.87597,53.67165
Voters,2018-04-01,41.3702,53.74371
Adults,2018-04-01,39.94889,53.5807
Adults,2018-03-31,39.94889,53.5807
Voters,2018-03-31,41.3702,53.74371
Adults,2018-03-30,39.94889,53.5807
Voters,2018-03-30,41.3702,53.74371
Adults,2018-03-29,39.58919,53.80489
Voters,2018-03-29,41.06978,53.94359
Voters,2018-03-28,41.04078,54.00505
Adults,2018-03-28,39.53133,53.80369
Adults,2018-03-27,39.58513,54.15356
Voters,2018-03-27,41.54846,53.70638
Voters,2018-03-26,42.51164,52.90974
Adults,2018-03-26,40.08774,53.9929
Adults,2018-03-25,39.4158,54.20882
Voters,2018-03-25,42.35456,52.82531
Adults,2018-03-24,39.4158,54.20882
Voters,2018-03-24,41.95313,52.8746
Voters,2018-03-23,42.10215,52.51001
Adults,2018-03-23,39.77478,53.7398
Voters,2018-03-22,41.91279,52.78131
Adults,2018-03-22,39.61889,54.17891
Adults,2018-03-21,39.61889,54.17891
Voters,2018-03-21,41.84569,52.80284
Voters,2018-03-20,42.0102,52.84654
Adults,2018-03-20,39.91188,54.1452
Adults,2018-03-19,39.92498,54.20846
Voters,2018-03-19,41.74577,53.18254
Voters,2018-03-18,41.56427,53.64494
Adults,2018-03-18,39.85175,54.16991
Adults,2018-03-17,39.40322,54.20784
Voters,2018-03-17,41.56427,53.64494
Voters,2018-03-16,41.56427,53.64494
Adults,2018-03-16,39.40322,54.20784
Voters,2018-03-15,42.00203,53.18635
Adults,2018-03-15,39.79709,53.7982
Adults,2018-03-14,39.64307,54.28221
Voters,2018-03-14,41.90339,53.29808
Adults,2018-03-13,39.73454,54.20818
Voters,2018-03-13,42.08287,53.00063
Voters,2018-03-12,41.94425,52.77081
Adults,2018-03-12,40.034,53.53506
Voters,2018-03-11,41.95938,52.77974
Adults,2018-03-11,40.05423,53.49677
Adults,2018-03-10,40.05423,53.49677
Voters,2018-03-10,41.95938,52.77974
Adults,2018-03-09,40.05423,53.49677
Voters,2018-03-09,41.95938,52.77974
Adults,2018-03-08,39.85278,53.78379
Voters,2018-03-08,41.92076,52.98934
Voters,2018-03-07,41.3746,53.73106
Adults,2018-03-07,39.14234,54.50154
Adults,2018-03-06,39.08385,54.47271
Voters,2018-03-06,42.36044,53.10275
Voters,2018-03-05,42.33316,53.53802
Adults,2018-03-05,38.82128,54.99964
Adults,2018-03-04,38.79745,54.98138
Voters,2018-03-04,42.28911,53.51625
Adults,2018-03-03,38.79745,54.98138
Voters,2018-03-03,42.28911,53.51625
Voters,2018-03-02,42.28911,53.51625
Adults,2018-03-02,38.79745,54.98138
Voters,2018-03-01,42.70711,53.1734
Adults,2018-03-01,39.06365,54.6959
Voters,2018-02-28,42.09689,53.71484
Adults,2018-02-28,38.98043,54.79705
Voters,2018-02-27,41.69873,53.97468
Adults,2018-02-27,38.51483,55.17336
Adults,2018-02-26,38.24786,55.27832
Voters,2018-02-26,41.62282,54.16532
Adults,2018-02-25,38.15955,55.38034
Voters,2018-02-25,41.42073,54.53806
Voters,2018-02-24,42.07542,53.40005
Adults,2018-02-24,38.93113,54.8304
Voters,2018-02-23,42.07542,53.40005
Adults,2018-02-23,38.93113,54.8304
Voters,2018-02-22,41.70066,53.646
Adults,2018-02-22,39.61691,53.96153
Adults,2018-02-21,39.41115,54.46137
Voters,2018-02-21,41.58496,53.84543
Adults,2018-02-20,39.41115,54.46137
Voters,2018-02-20,43.03841,52.0429
Voters,2018-02-19,43.04725,51.96658
Adults,2018-02-19,39.5064,54.52228
Voters,2018-02-18,43.03395,51.99947
Adults,2018-02-18,39.80095,54.11367
Adults,2018-02-17,39.80095,54.11367
Voters,2018-02-17,43.03395,51.99947
Adults,2018-02-16,39.80095,54.11367
Voters,2018-02-16,43.03395,51.99947
Adults,2018-02-15,39.79505,54.31
Voters,2018-02-15,43.00751,52.13282
Voters,2018-02-14,43.15522,51.87932
Adults,2018-02-14,39.79505,54.31
Adults,2018-02-13,39.55173,54.45077
Voters,2018-02-13,42.79964,52.69312
Voters,2018-02-12,43.30393,52.30949
Adults,2018-02-12,39.8287,54.30534
Adults,2018-02-11,39.70684,54.2007
Voters,2018-02-11,43.31694,52.39967
Adults,2018-02-10,39.70684,54.2007
Voters,2018-02-10,43.31694,52.39967
Voters,2018-02-09,43.31694,52.39967
Adults,2018-02-09,39.70684,54.2007
Voters,2018-02-08,43.32616,52.06881
Adults,2018-02-08,39.73898,54.20528
Adults,2018-02-07,39.63509,54.31309
Voters,2018-02-07,43.29857,52.21658
Voters,2018-02-06,42.77346,52.30897
Adults,2018-02-06,39.51102,54.31282
Adults,2018-02-05,39.74566,54.42212
Voters,2018-02-05,42.46733,52.63002
Adults,2018-02-04,39.54993,54.3875
Voters,2018-02-04,42.38263,52.74967
Voters,2018-02-03,42.38263,52.74967
Adults,2018-02-03,39.54993,54.3875
Voters,2018-02-02,42.3483,52.75233
Adults,2018-02-02,39.52907,54.39931
Voters,2018-02-01,42.01125,53.27848
Adults,2018-02-01,39.17886,54.83321
Adults,2018-01-31,38.84452,55.11158
Voters,2018-01-31,41.70512,53.58346
Adults,2018-01-30,37.95375,56.312
Voters,2018-01-30,40.68484,55.03505
Voters,2018-01-29,40.38136,55.4905
Adults,2018-01-29,37.5544,57.02602
Voters,2018-01-28,40.48121,55.45601
Adults,2018-01-28,37.41549,57.11086
Adults,2018-01-27,37.41549,57.11086
Voters,2018-01-27,40.48121,55.45601
Adults,2018-01-26,37.41549,57.11086
Voters,2018-01-26,40.48121,55.45601
Adults,2018-01-25,37.48536,56.80935
Voters,2018-01-25,40.7399,55.1729
Voters,2018-01-24,41.14259,54.98185
Adults,2018-01-24,37.5351,56.79459
Adults,2018-01-23,37.34459,57.0888
Voters,2018-01-23,40.41182,55.01748
Adults,2018-01-22,37.68642,56.75862
Voters,2018-01-22,40.72579,54.58442
Voters,2018-01-21,41.39082,54.03265
Adults,2018-01-21,38.08665,56.40729
Voters,2018-01-20,41.31607,54.06738
Adults,2018-01-20,38.57017,56.11489
Adults,2018-01-19,38.57017,56.11489
Voters,2018-01-19,41.31607,54.06738
Voters,2018-01-18,41.49497,53.70368
Adults,2018-01-18,38.7857,55.21856
Adults,2018-01-17,39.35015,54.60522
Voters,2018-01-17,41.63647,53.43866
Voters,2018-01-16,41.6681,53.28009
Adults,2018-01-16,38.889,54.56168
Adults,2018-01-15,38.7757,54.72827
Voters,2018-01-15,40.84966,54.04315
Voters,2018-01-14,40.67689,54.10226
Adults,2018-01-14,38.78321,54.65562
Adults,2018-01-13,38.78321,54.65562
Voters,2018-01-13,40.67689,54.10226
Voters,2018-01-12,40.67689,54.10226
Adults,2018-01-12,38.78321,54.65562
Voters,2018-01-11,40.9217,54.31938
Adults,2018-01-11,38.73087,54.57832
Adults,2018-01-10,38.98797,54.35324
Voters,2018-01-10,40.85157,54.47198
Adults,2018-01-09,38.61844,54.84727
Voters,2018-01-09,40.5409,54.79406
Voters,2018-01-08,40.48848,54.79395
Adults,2018-01-08,38.61844,54.84727
Adults,2018-01-07,38.72204,54.79131
Voters,2018-01-07,40.64473,54.73632
Adults,2018-01-06,38.72204,54.79131
Voters,2018-01-06,40.64473,54.73632
Adults,2018-01-05,38.72204,54.79131
Voters,2018-01-05,40.64473,54.73632
Adults,2018-01-04,38.15102,55.35013
Voters,2018-01-04,40.28809,55.00038
Voters,2018-01-03,40.21217,55.12443
Adults,2018-01-03,37.76004,55.76106
Adults,2018-01-02,37.71881,55.879
Voters,2018-01-02,39.89989,55.2852
Voters,2018-01-01,39.47977,55.76954
Adults,2018-01-01,37.33959,56.36489
Voters,2017-12-31,39.47977,55.76954
Adults,2017-12-31,37.33959,56.36489
Adults,2017-12-30,37.12983,56.50421
Voters,2017-12-30,39.47977,55.76954
Voters,2017-12-29,39.47977,55.76954
Adults,2017-12-29,37.08881,56.61979
Voters,2017-12-28,39.59424,55.86306
Adults,2017-12-28,36.64524,56.9993
Voters,2017-12-27,39.06779,56.30027
Adults,2017-12-27,36.40348,57.36427
Voters,2017-12-26,38.8737,56.64392
Adults,2017-12-26,36.36728,57.42441
Voters,2017-12-25,38.84623,56.60857
Adults,2017-12-25,36.23244,57.44253
Adults,2017-12-24,36.23244,57.44253
Voters,2017-12-24,38.84623,56.60857
Adults,2017-12-23,36.06482,57.65516
Voters,2017-12-23,38.84623,56.60857
Voters,2017-12-22,38.84623,56.60857
Adults,2017-12-22,35.87907,57.76529
Voters,2017-12-21,38.74059,56.77304
Adults,2017-12-21,35.77409,57.88775
Voters,2017-12-20,38.77604,56.78464
Adults,2017-12-20,35.86745,57.55755
Adults,2017-12-19,35.93935,57.91428
Voters,2017-12-19,38.20256,57.26283
Adults,2017-12-18,36.25013,57.28722
Voters,2017-12-18,38.38718,56.61967
Voters,2017-12-17,38.28982,56.81938
Adults,2017-12-17,35.97097,57.98541
Adults,2017-12-16,34.93087,58.28658
Voters,2017-12-16,38.28982,56.81938
Voters,2017-12-15,38.28982,56.81938
Adults,2017-12-15,34.9917,58.19014
Adults,2017-12-14,35.57671,57.35314
Voters,2017-12-14,38.49307,56.5584
Adults,2017-12-13,35.46254,57.3914
Voters,2017-12-13,38.08359,56.67448
Voters,2017-12-12,39.10435,55.95634
Adults,2017-12-12,35.99963,57.93578
Adults,2017-12-11,36.2524,57.43421
Voters,2017-12-11,39.00207,55.85435
Adults,2017-12-10,36.33047,57.33792
Voters,2017-12-10,39.03798,55.87618
Voters,2017-12-09,39.24728,55.49886
Adults,2017-12-09,36.50823,56.97471
Voters,2017-12-08,39.24728,55.49886
Adults,2017-12-08,36.52957,56.96902
Adults,2017-12-07,36.42162,57.0158
Voters,2017-12-07,39.37215,55.45115
Voters,2017-12-06,40.18172,54.5077
Adults,2017-12-06,37.17609,56.25414
Voters,2017-12-05,39.69933,54.95476
Adults,2017-12-05,37.34743,56.66071
Voters,2017-12-04,39.90506,55.0077
Adults,2017-12-04,36.96822,56.90294
Adults,2017-12-03,36.93871,56.9087
Voters,2017-12-03,40.03389,54.96639
Adults,2017-12-02,36.94333,56.88067
Voters,2017-12-02,40.03389,54.96639
Voters,2017-12-01,40.03389,54.96639
Adults,2017-12-01,37.08066,56.67411
Voters,2017-11-30,40.03595,54.90004
Adults,2017-11-30,37.37271,56.45746
Voters,2017-11-29,40.27305,54.68724
Adults,2017-11-29,37.72719,56.1861
Adults,2017-11-28,37.3322,56.39901
Voters,2017-11-28,39.71597,55.04973
Adults,2017-11-27,37.45752,56.33474
Voters,2017-11-27,40.05172,54.71221
Voters,2017-11-26,40.0748,54.76105
Adults,2017-11-26,37.45581,56.34441
Voters,2017-11-25,40.0748,54.76105
Adults,2017-11-25,37.52008,56.21497
Adults,2017-11-24,37.49094,56.29383
Voters,2017-11-24,40.0748,54.76105
Adults,2017-11-23,37.49094,56.29383
Voters,2017-11-23,40.0748,54.76105
Adults,2017-11-22,37.46259,56.36794
Voters,2017-11-22,40.0748,54.76105
Voters,2017-11-21,39.89044,55.191
Adults,2017-11-21,37.27388,56.78977
Adults,2017-11-20,37.67971,55.82434
Voters,2017-11-20,39.11744,55.79084
Adults,2017-11-19,37.64998,55.8158
Voters,2017-11-19,39.22339,55.75001
Voters,2017-11-18,39.28837,55.46194
Adults,2017-11-18,37.66021,55.76469
Voters,2017-11-17,39.28837,55.46194
Adults,2017-11-17,37.49475,55.80109
Adults,2017-11-16,37.56749,56.05001
Voters,2017-11-16,39.17174,55.44165
Voters,2017-11-15,39.02678,55.44995
Adults,2017-11-15,37.50333,56.09998
Voters,2017-11-14,38.96594,55.51689
Adults,2017-11-14,37.54153,56.23203
Voters,2017-11-13,39.11507,55.69787
Adults,2017-11-13,37.26438,56.38675
Adults,2017-11-12,37.29921,56.3454
Voters,2017-11-12,38.91225,55.91314
Adults,2017-11-11,37.19261,56.49899
Voters,2017-11-11,38.91225,55.91314
Voters,2017-11-10,38.91225,55.91314
Adults,2017-11-10,37.11195,56.54761
Voters,2017-11-09,38.82508,56.00803
Adults,2017-11-09,36.87565,57.20075
Voters,2017-11-08,38.78871,56.07062
Adults,2017-11-08,36.9847,57.10672
Adults,2017-11-07,36.89015,57.34779
Voters,2017-11-07,38.78378,56.08299
Adults,2017-11-06,37.05696,57.29476
Voters,2017-11-06,38.76372,56.23228
Voters,2017-11-05,38.76653,56.29507
Adults,2017-11-05,37.24062,57.23222
Adults,2017-11-04,37.28839,57.03854
Voters,2017-11-04,38.97559,55.98032
Voters,2017-11-03,38.97559,55.98032
Adults,2017-11-03,37.21225,57.17183
Adults,2017-11-02,37.38071,56.87278
Voters,2017-11-02,39.50467,55.37743
Adults,2017-11-01,36.73897,57.62163
Voters,2017-11-01,39.45043,55.40435
Voters,2017-10-31,38.73505,56.16645
Adults,2017-10-31,36.13458,58.07021
Adults,2017-10-30,36.08981,57.94589
Voters,2017-10-30,38.96075,56.08945
Adults,2017-10-29,36.28357,57.75093
Voters,2017-10-29,38.7843,56.29276
Voters,2017-10-28,38.7843,56.29276
Adults,2017-10-28,36.12514,57.38434
Voters,2017-10-27,38.7843,56.29276
Adults,2017-10-27,36.12577,57.31348
Adults,2017-10-26,36.19252,57.42849
Voters,2017-10-26,39.07314,56.0741
Voters,2017-10-25,38.67745,56.31491
Adults,2017-10-25,36.098,57.4499
Voters,2017-10-24,38.9423,55.83633
Adults,2017-10-24,35.93237,57.62141
Voters,2017-10-23,39.28416,55.52995
Adults,2017-10-23,36.40454,57.09264
Adults,2017-10-22,36.73022,56.91251
Voters,2017-10-22,39.44123,55.12551
Adults,2017-10-21,36.73466,56.97978
Voters,2017-10-21,39.44123,55.12551
Voters,2017-10-20,39.44123,55.12551
Adults,2017-10-20,36.69792,57.0166
Voters,2017-10-19,39.58765,54.8556
Adults,2017-10-19,36.88713,56.65256
Voters,2017-10-18,39.87877,54.70084
Adults,2017-10-18,36.74679,56.59354
Adults,2017-10-17,36.73927,56.83446
Voters,2017-10-17,39.582,55.04752
Adults,2017-10-16,36.59012,56.77091
Voters,2017-10-16,40.2318,54.40153
Voters,2017-10-15,39.6197,55.18693
Adults,2017-10-15,36.70586,56.55759
Adults,2017-10-14,36.65332,56.59665
Voters,2017-10-14,39.6197,55.18693
Voters,2017-10-13,39.6197,55.18693
Adults,2017-10-13,36.56348,56.99356
Adults,2017-10-12,36.62103,56.89503
Voters,2017-10-12,40.22272,54.57459
Adults,2017-10-11,36.47693,56.94599
Voters,2017-10-11,40.12806,54.69553
Voters,2017-10-10,40.01473,55.25956
Adults,2017-10-10,36.52134,57.44492
Adults,2017-10-09,37.08799,57.10312
Voters,2017-10-09,40.09864,55.25847
Adults,2017-10-08,37.14746,57.21674
Voters,2017-10-08,40.17117,55.22769
Voters,2017-10-07,40.17117,55.22769
Adults,2017-10-07,37.17203,57.19087
Voters,2017-10-06,40.17117,55.22769
Adults,2017-10-06,37.10485,57.30538
Adults,2017-10-05,38.07584,56.03094
Voters,2017-10-05,40.60885,54.87642
Voters,2017-10-04,40.7621,54.79143
Adults,2017-10-04,38.01492,56.09282
Adults,2017-10-03,37.8289,55.8531
Voters,2017-10-03,40.37353,54.85959
Voters,2017-10-02,40.15312,54.81033
Adults,2017-10-02,37.62963,55.75329
Adults,2017-10-01,37.68137,55.78199
Voters,2017-10-01,40.34256,54.64625
Adults,2017-09-30,37.59743,55.85502
Voters,2017-09-30,40.34256,54.64625
Voters,2017-09-29,40.34256,54.64625
Adults,2017-09-29,37.60137,55.87895
Voters,2017-09-28,40.31269,54.41755
Adults,2017-09-28,37.89941,55.22694
Voters,2017-09-27,40.31173,54.26196
Adults,2017-09-27,37.98526,55.10514
Adults,2017-09-26,38.2449,54.81219
Voters,2017-09-26,41.01126,53.54343
Adults,2017-09-25,39.09969,54.47302
Voters,2017-09-25,41.57793,53.08458
Voters,2017-09-24,41.49499,52.96284
Adults,2017-09-24,39.17653,54.43883
Adults,2017-09-23,38.95658,54.05893
Voters,2017-09-23,41.25188,52.82355
Voters,2017-09-22,41.25188,52.82355
Adults,2017-09-22,39.01869,54.07699
Adults,2017-09-21,39.37469,53.34927
Voters,2017-09-21,40.87155,52.63753
Adults,2017-09-20,38.84023,53.24905
Voters,2017-09-20,40.86275,52.65388
Voters,2017-09-19,40.38954,53.92811
Adults,2017-09-19,38.45267,54.4381
Adults,2017-09-18,38.50353,54.44039
Voters,2017-09-18,40.48919,53.73187
Adults,2017-09-17,38.39445,54.59601
Voters,2017-09-17,40.4518,53.72972
Voters,2017-09-16,40.4518,53.72972
Adults,2017-09-16,38.16751,55.15108
Voters,2017-09-15,40.4518,53.72972
Adults,2017-09-15,38.26089,54.98892
Adults,2017-09-14,37.67922,56.30154
Voters,2017-09-14,40.09134,54.549
Voters,2017-09-13,39.74465,54.93554
Adults,2017-09-13,37.67399,56.40246
Voters,2017-09-12,39.55527,55.24317
Adults,2017-09-12,37.3891,56.79363
Voters,2017-09-11,40.31529,54.72517
Adults,2017-09-11,38.23683,56.34893
Adults,2017-09-10,38.22231,56.30355
Voters,2017-09-10,40.44044,54.6344
Adults,2017-09-09,38.21482,56.3358
Voters,2017-09-09,40.44044,54.6344
Voters,2017-09-08,40.44044,54.6344
Adults,2017-09-08,38.10756,56.42276
Voters,2017-09-07,39.82632,55.34008
Adults,2017-09-07,37.70192,56.98782
Voters,2017-09-06,39.78395,55.35294
Adults,2017-09-06,37.38649,57.16378
Adults,2017-09-05,36.75838,57.60414
Voters,2017-09-05,39.3034,55.7341
Adults,2017-09-04,36.54958,57.64956
Voters,2017-09-04,38.7773,56.08899
Voters,2017-09-03,38.72445,56.20359
Adults,2017-09-03,36.37417,57.84581
Adults,2017-09-02,36.25883,58.04179
Voters,2017-09-02,38.72445,56.20359
Voters,2017-09-01,38.72445,56.20359
Adults,2017-09-01,36.30648,57.99635
Adults,2017-08-31,36.05339,57.89574
Voters,2017-08-31,38.60115,56.26993
Adults,2017-08-30,36.11767,57.82173
Voters,2017-08-30,38.63689,56.25348
Voters,2017-08-29,38.09775,56.34618
Adults,2017-08-29,35.83307,58.1829
Adults,2017-08-28,35.77592,57.90997
Voters,2017-08-28,38.49717,56.13604
Adults,2017-08-27,35.77816,57.89424
Voters,2017-08-27,38.49583,56.11722
Voters,2017-08-26,38.49583,56.11722
Adults,2017-08-26,35.78688,57.87026
Voters,2017-08-25,38.49583,56.11722
Adults,2017-08-25,35.74794,57.8345
Adults,2017-08-24,35.95277,57.41348
Voters,2017-08-24,38.61401,55.61862
Voters,2017-08-23,38.47126,55.76075
Adults,2017-08-23,36.0565,57.31284
Adults,2017-08-22,35.67125,57.80386
Voters,2017-08-22,39.12299,55.47832
Voters,2017-08-21,39.59126,54.82199
Adults,2017-08-21,35.88695,57.15897
Voters,2017-08-20,39.6217,54.81041
Adults,2017-08-20,36.341,55.70692
Adults,2017-08-19,36.38994,55.65908
Voters,2017-08-19,39.6217,54.81041
Voters,2017-08-18,39.6217,54.81041
Adults,2017-08-18,36.38994,55.65908
Voters,2017-08-17,40.14403,53.8097
Adults,2017-08-17,36.85913,54.9086
Voters,2017-08-16,39.79543,53.64213
Adults,2017-08-16,36.79667,54.94242
Adults,2017-08-15,37.07734,55.79198
Voters,2017-08-15,39.32666,54.21491
Adults,2017-08-14,36.51901,57.78039
Voters,2017-08-14,39.25485,54.94202
Voters,2017-08-13,39.34763,54.87801
Adults,2017-08-13,36.69472,57.57878
Adults,2017-08-12,36.75468,57.43847
Voters,2017-08-12,39.34763,54.87801
Voters,2017-08-11,39.34763,54.87801
Adults,2017-08-11,36.63607,57.46092
Adults,2017-08-10,36.22694,57.69921
Voters,2017-08-10,38.53228,56.22918
Adults,2017-08-09,36.23774,57.79395
Voters,2017-08-09,38.39414,56.41191
Voters,2017-08-08,38.25177,56.82254
Adults,2017-08-08,36.17896,58.15186
Adults,2017-08-07,36.43844,57.34126
Voters,2017-08-07,37.74126,57.28339
Adults,2017-08-06,36.92662,57.10833
Voters,2017-08-06,37.39128,57.57107
Voters,2017-08-05,37.27709,57.64736
Adults,2017-08-05,36.92022,57.04646
Voters,2017-08-04,37.27709,57.64736
Adults,2017-08-04,36.86573,57.28303
Adults,2017-08-03,36.98343,57.11368
Voters,2017-08-03,37.2991,57.72597
Voters,2017-08-02,37.31966,57.76991
Adults,2017-08-02,37.009,57.20819
Adults,2017-08-01,37.12984,57.07516
Voters,2017-08-01,38.21495,57.22556
Voters,2017-07-31,38.83294,56.40698
Adults,2017-07-31,37.74067,56.1981
Adults,2017-07-30,37.82521,56.02435
Voters,2017-07-30,38.97818,56.00404
Adults,2017-07-29,37.87874,55.96958
Voters,2017-07-29,38.97818,56.00404
Voters,2017-07-28,38.97818,56.00404
Adults,2017-07-28,37.84032,55.90107
Adults,2017-07-27,38.03011,55.41692
Voters,2017-07-27,39.90546,54.90348
Adults,2017-07-26,37.87655,55.62539
Voters,2017-07-26,40.10891,54.68523
Voters,2017-07-25,40.00367,54.72099
Adults,2017-07-25,37.56762,55.98916
Voters,2017-07-24,40.00105,54.82607
Adults,2017-07-24,38.53267,55.30663
Adults,2017-07-23,37.63227,55.98546
Voters,2017-07-23,39.92391,54.90389
Voters,2017-07-22,39.92391,54.90389
Adults,2017-07-22,37.51841,56.16276
Voters,2017-07-21,39.92391,54.90389
Adults,2017-07-21,37.44432,56.22223
Voters,2017-07-20,40.24314,54.3571
Adults,2017-07-20,37.8655,56.34587
Adults,2017-07-19,37.97404,56.19024
Voters,2017-07-19,40.23778,54.35539
Adults,2017-07-18,38.04208,56.00087
Voters,2017-07-18,40.80437,53.83469
Voters,2017-07-17,40.74656,53.64394
Adults,2017-07-17,38.4192,55.60708
Adults,2017-07-16,37.84597,56.33533
Voters,2017-07-16,40.88952,54.01481
Adults,2017-07-15,38.29617,55.9601
Voters,2017-07-15,41.46784,53.40601
Voters,2017-07-14,41.46821,53.40542
Adults,2017-07-14,38.36245,55.82526
Voters,2017-07-13,41.25047,53.57362
Adults,2017-07-13,37.98452,55.81583
Adults,2017-07-12,37.98452,55.81583
Voters,2017-07-12,41.33458,53.47686
Voters,2017-07-11,41.28938,53.67112
Adults,2017-07-11,38.07668,55.98864
Voters,2017-07-10,40.97753,53.88207
Adults,2017-07-10,37.7802,55.95912
Voters,2017-07-09,40.9719,53.88918
Adults,2017-07-09,37.73914,55.99558
Adults,2017-07-08,37.63799,56.03509
Voters,2017-07-08,40.9719,53.88918
Adults,2017-07-07,37.56738,56.12503
Voters,2017-07-07,40.9719,53.88918
Voters,2017-07-06,40.9981,53.72767
Adults,2017-07-06,37.44537,55.90229
Voters,2017-07-05,41.05097,53.6532
Adults,2017-07-05,37.4516,55.89673
Voters,2017-07-04,41.50266,53.08095
Adults,2017-07-04,37.41192,55.53621
Adults,2017-07-03,37.54239,55.46515
Voters,2017-07-03,41.5316,53.03595
Adults,2017-07-02,37.37842,55.55313
Voters,2017-07-02,41.68539,52.85609
Voters,2017-07-01,41.68539,52.85609
Adults,2017-07-01,37.45395,55.56271
Adults,2017-06-30,37.43984,55.56991
Voters,2017-06-30,41.68539,52.85609
Voters,2017-06-29,41.86575,52.88573
Adults,2017-06-29,37.67141,55.34303
Adults,2017-06-28,37.54221,55.36171
Voters,2017-06-28,41.81993,52.67577
Adults,2017-06-27,37.48801,56.62576
Voters,2017-06-27,41.78716,53.23951
Voters,2017-06-26,42.26113,53.22862
Adults,2017-06-26,38.38256,56.12514
Adults,2017-06-25,38.60531,56.04652
Voters,2017-06-25,42.15164,53.26928
Adults,2017-06-24,38.69684,55.90369
Voters,2017-06-24,42.15164,53.26928
Voters,2017-06-23,42.15164,53.26928
Adults,2017-06-23,38.85541,55.87791
Voters,2017-06-22,41.33515,53.73629
Adults,2017-06-22,38.19526,56.32613
Adults,2017-06-21,37.71882,56.43047
Voters,2017-06-21,41.27916,53.78546
Voters,2017-06-20,41.74133,53.18612
Adults,2017-06-20,38.05501,55.89925
Voters,2017-06-19,41.07663,53.4833
Adults,2017-06-19,38.20811,55.95309
Voters,2017-06-18,41.08271,53.55498
Adults,2017-06-18,38.2633,55.92405
Adults,2017-06-17,38.22923,55.98989
Voters,2017-06-17,41.08271,53.55498
Adults,2017-06-16,38.13759,56.16522
Voters,2017-06-16,41.08271,53.55498
Voters,2017-06-15,40.40865,53.82967
Adults,2017-06-15,38.17562,56.75382
Voters,2017-06-14,40.24654,53.96759
Adults,2017-06-14,37.58538,56.83662
Voters,2017-06-13,39.90106,54.4931
Adults,2017-06-13,37.42384,57.09056
Adults,2017-06-12,37.24044,57.05828
Voters,2017-06-12,39.8111,54.497
Adults,2017-06-11,37.39389,56.96007
Voters,2017-06-11,39.4872,55.18361
Voters,2017-06-10,39.4872,55.18361
Adults,2017-06-10,37.4267,56.84025
Adults,2017-06-09,37.27892,56.98267
Voters,2017-06-09,39.4872,55.18361
Voters,2017-06-08,39.56704,55.13066
Adults,2017-06-08,37.59521,56.70111
Adults,2017-06-07,37.62785,56.87752
Voters,2017-06-07,39.47573,55.21827
Adults,2017-06-06,37.5394,56.78997
Voters,2017-06-06,40.25127,54.70671
Voters,2017-06-05,40.30796,54.25923
Adults,2017-06-05,38.07709,55.82519
Adults,2017-06-04,38.04909,55.86415
Voters,2017-06-04,40.13013,54.41492
Adults,2017-06-03,38.15836,55.66989
Voters,2017-06-03,40.41716,54.00002
Voters,2017-06-02,40.41716,54.00002
Adults,2017-06-02,38.31442,55.51968
Voters,2017-06-01,40.30403,54.02005
Adults,2017-06-01,38.32013,55.45131
Adults,2017-05-31,38.32364,55.46051
Voters,2017-05-31,40.34653,53.96354
Voters,2017-05-30,40.42588,53.90907
Adults,2017-05-30,38.39928,55.63413
Voters,2017-05-29,40.06456,53.96847
Adults,2017-05-29,38.48822,55.33235
Voters,2017-05-28,40.15144,53.83537
Adults,2017-05-28,38.41018,55.39933
Adults,2017-05-27,38.26954,55.52485
Voters,2017-05-27,40.15144,53.83537
Adults,2017-05-26,38.20471,55.57269
Voters,2017-05-26,40.22279,53.76402
Voters,2017-05-25,39.91333,53.94802
Adults,2017-05-25,37.89192,55.7291
Voters,2017-05-24,39.81437,54.01662
Adults,2017-05-24,37.85646,55.77018
Voters,2017-05-23,40.24492,54.41688
Adults,2017-05-23,38.31108,55.46129
Adults,2017-05-22,38.26906,55.46428
Voters,2017-05-22,39.63826,54.532470000000004
Adults,2017-05-21,38.28256,55.40812
Voters,2017-05-21,39.62964,54.51856
Voters,2017-05-20,39.62964,54.51856
Adults,2017-05-20,38.23556,55.41444
Adults,2017-05-19,38.32204,55.4182
Voters,2017-05-19,39.62964,54.51856
Voters,2017-05-18,40.4189,53.61588
Adults,2017-05-18,39.05318,54.66667
Adults,2017-05-17,39.36876,54.66336
Voters,2017-05-17,41.0498,53.19755
Adults,2017-05-16,39.56028,54.62194
Voters,2017-05-16,41.78514,52.59653
Voters,2017-05-15,42.67153,51.77419
Adults,2017-05-15,40.18683,54.08882
Adults,2017-05-14,40.29266,53.97565
Voters,2017-05-14,42.85477,51.5491
Adults,2017-05-13,40.91915,53.34138
Voters,2017-05-13,42.59069,51.74759
Voters,2017-05-12,42.59069,51.74759
Adults,2017-05-12,40.99252,53.26033
Voters,2017-05-11,42.88606,51.48355
Adults,2017-05-11,40.85036,53.25583
Adults,2017-05-10,41.02212,53.14196
Voters,2017-05-10,42.81641,51.53957
Voters,2017-05-09,44.17577,50.24742
Adults,2017-05-09,41.14016,52.99695
Voters,2017-05-08,44.14452,50.20971
Adults,2017-05-08,41.42287,53.04214
Voters,2017-05-07,44.32235,50.10137
Adults,2017-05-07,41.26906,53.12979
Adults,2017-05-06,41.32185,53.11271
Voters,2017-05-06,44.32235,50.10137
Adults,2017-05-05,41.49231,52.98911
Voters,2017-05-05,44.06768,50.19212
Voters,2017-05-04,44.23395,49.99863
Adults,2017-05-04,41.48521,53.02538
Voters,2017-05-03,44.34391,49.80513
Adults,2017-05-03,41.48521,53.02538
Voters,2017-05-02,44.19493,50.27415
Adults,2017-05-02,41.01395,54.02813
Adults,2017-05-01,40.90617,54.12692
Voters,2017-05-01,44.12144,50.34044
Adults,2017-04-30,41.0427,53.92722
Voters,2017-04-30,44.18594,50.13792
Voters,2017-04-29,44.18594,50.13792
Adults,2017-04-29,41.04478,53.89684
Adults,2017-04-28,40.96248,54.07797
Voters,2017-04-28,44.18594,50.13792
Voters,2017-04-27,43.94151,50.25742
Adults,2017-04-27,41.19462,53.62363
Adults,2017-04-26,40.71889,53.70636
Voters,2017-04-26,44.06063,50.11729
Adults,2017-04-25,40.30374,54.23236
Voters,2017-04-25,43.502,50.69404
Voters,2017-04-24,44.23955,50.40123
Adults,2017-04-24,40.60334,53.91079
Adults,2017-04-23,40.62176,53.92823
Voters,2017-04-23,44.04811,50.56432
Adults,2017-04-22,40.71088,53.36101
Voters,2017-04-22,44.04811,50.56432
Voters,2017-04-21,44.04811,50.56432
Adults,2017-04-21,40.72075,53.3662
Voters,2017-04-20,44.05973,50.58625
Adults,2017-04-20,40.81158,52.93252
Adults,2017-04-19,41.10365,52.49113
Voters,2017-04-19,44.00313,50.52559
Voters,2017-04-18,43.50145,50.31609
Adults,2017-04-18,41.32755,51.95232
Adults,2017-04-17,41.29482,52.09627
Voters,2017-04-17,43.4188,50.35167
Voters,2017-04-16,42.73984,50.934
Adults,2017-04-16,41.17042,52.25262
Adults,2017-04-15,41.01736,52.42741
Voters,2017-04-15,42.73984,50.934
Adults,2017-04-14,41.0928,52.42646
Voters,2017-04-14,42.73984,50.934
Voters,2017-04-13,42.90318,51.71242
Adults,2017-04-13,41.22889,52.85146
Voters,2017-04-12,42.83318,51.76783
Adults,2017-04-12,41.62653,52.25298
Voters,2017-04-11,42.56668,51.78368
Adults,2017-04-11,41.84169,52.17405
Adults,2017-04-10,41.15395,52.99094
Voters,2017-04-10,41.39298,52.95179
Adults,2017-04-09,40.46673,53.93581
Voters,2017-04-09,41.51286,52.79503
Voters,2017-04-08,41.51286,52.79503
Adults,2017-04-08,40.44548,53.98016
Adults,2017-04-07,40.42915,54.0258
Voters,2017-04-07,41.51286,52.79503
Voters,2017-04-06,41.74047,52.44887
Adults,2017-04-06,40.51774,53.72948
Adults,2017-04-05,40.98213,52.87018
Voters,2017-04-05,41.72259,52.42102
Adults,2017-04-04,40.50948,53.39999
Voters,2017-04-04,41.28366,52.73132
Voters,2017-04-03,41.49263,52.28128
Adults,2017-04-03,39.61414,53.89282
Adults,2017-04-02,40.39359,53.45893
Voters,2017-04-02,41.77287,51.91686
Adults,2017-04-01,40.55445,53.32457
Voters,2017-04-01,41.77287,51.91686
Voters,2017-03-31,41.77287,51.91686
Adults,2017-03-31,40.448,53.2771
Voters,2017-03-30,42.78091,51.80407
Adults,2017-03-30,40.11081,54.028
Adults,2017-03-29,40.54865,52.65205
Voters,2017-03-29,43.23234,51.65588
Voters,2017-03-28,43.37658,51.31355
Adults,2017-03-28,40.6702,52.81675
Voters,2017-03-27,44.28436,50.60625
Adults,2017-03-27,41.03792,52.65294
Voters,2017-03-26,44.35612,50.58176
Adults,2017-03-26,41.43587,52.38198
Adults,2017-03-25,41.53386,52.38558
Voters,2017-03-25,44.35612,50.58176
Adults,2017-03-24,41.54422,52.38712
Voters,2017-03-24,44.35612,50.58176
Voters,2017-03-23,44.11869,50.66172
Adults,2017-03-23,41.48011,52.1105
Voters,2017-03-22,44.10851,50.6463
Adults,2017-03-22,41.60312,51.97084
Voters,2017-03-21,44.61454,50.02016
Adults,2017-03-21,41.38521,52.85176
Adults,2017-03-20,41.57674,52.50675
Voters,2017-03-20,44.52505,50.08957
Adults,2017-03-19,41.53395,52.66131
Voters,2017-03-19,44.47798,50.08054
Voters,2017-03-18,44.47798,50.08054
Adults,2017-03-18,41.87791,52.33651
Adults,2017-03-17,42.80822,51.36173
Voters,2017-03-17,44.47798,50.08054
Voters,2017-03-16,44.63105,49.73156
Adults,2017-03-16,43.24698,51.14386
Adults,2017-03-15,43.43536,49.8028
Voters,2017-03-15,44.59151,49.70044
Adults,2017-03-14,43.82244,49.54628
Voters,2017-03-14,45.47269,49.06578
Voters,2017-03-13,45.58329,48.65232
Adults,2017-03-13,44.10419,48.99449
Adults,2017-03-12,44.32833,48.88358
Voters,2017-03-12,45.73587,48.4897
Adults,2017-03-11,44.2165,48.96644
Voters,2017-03-11,45.73587,48.4897
Voters,2017-03-10,45.5193,48.62363
Adults,2017-03-10,43.9422,49.21457
Voters,2017-03-09,45.35116,48.61091
Adults,2017-03-09,43.41724,49.70358
Adults,2017-03-08,43.52806,49.65459
Voters,2017-03-08,45.37472,48.55411
Voters,2017-03-07,45.46577,48.28428
Adults,2017-03-07,43.68052,49.24304
Adults,2017-03-06,43.51528,49.41735
Voters,2017-03-06,45.36596,48.83812
Voters,2017-03-05,45.63852,49.62764
Adults,2017-03-05,43.00411,50.26909
Adults,2017-03-04,42.9674,50.43211
Voters,2017-03-04,45.63852,49.62764
Adults,2017-03-03,42.9674,50.43211
Voters,2017-03-03,45.63852,49.62764
Adults,2017-03-02,42.74433,50.39036
Voters,2017-03-02,45.23322,49.77825
Adults,2017-03-01,42.93229,50.10905
Voters,2017-03-01,45.15903,49.53156
Adults,2017-02-28,41.92185,50.75521
Voters,2017-02-28,44.69143,49.79915
Adults,2017-02-27,41.93449,50.65856
Voters,2017-02-27,44.77391,49.68867
Voters,2017-02-26,44.86759,49.60043
Adults,2017-02-26,41.86868,50.54937
Voters,2017-02-25,44.86759,49.60043
Adults,2017-02-25,41.93456,50.34444
Adults,2017-02-24,42.13914,50.20037
Voters,2017-02-24,44.86759,49.60043
Voters,2017-02-23,44.84227,49.52387
Adults,2017-02-23,42.08851,50.09972
Adults,2017-02-22,40.99014,51.52739
Voters,2017-02-22,44.294,50.37005
Voters,2017-02-21,45.53262,49.28985
Adults,2017-02-21,41.4049,51.92768
Adults,2017-02-20,41.1068,52.24264
Voters,2017-02-20,45.56286,49.19039
Adults,2017-02-19,41.1262,52.34517
Voters,2017-02-19,46.48179,49.83215
Voters,2017-02-18,46.48179,49.83215
Adults,2017-02-18,41.14259,52.61021
Voters,2017-02-17,46.66242,49.45398
Adults,2017-02-17,40.93276,52.55815
Adults,2017-02-16,41.26061,52.20712
Voters,2017-02-16,46.53775,49.53732
Adults,2017-02-15,41.3626,52.01312
Voters,2017-02-15,46.32353,49.7077
Voters,2017-02-14,46.16746,49.73203
Adults,2017-02-14,41.01787,52.47426
Voters,2017-02-13,45.41359,49.86423
Adults,2017-02-13,41.11952,52.40815
Adults,2017-02-12,41.98624,50.62114
Voters,2017-02-12,46.31055,48.61903
Voters,2017-02-11,46.31055,48.61903
Adults,2017-02-11,42.17884,50.29835
Adults,2017-02-10,42.33272,50.14452
Voters,2017-02-10,46.21808,48.71865
Voters,2017-02-09,46.23419,48.68385
Adults,2017-02-09,42.45341,50.05256
Adults,2017-02-08,42.46727,49.95639
Voters,2017-02-08,46.69795,47.94511
Adults,2017-02-07,42.58524,49.79887
Voters,2017-02-07,46.92523,47.53691
Adults,2017-02-06,42.62589,49.48686
Voters,2017-02-06,46.66296,45.71693
Adults,2017-02-05,42.7303,49.04629
Voters,2017-02-05,46.77325,45.41658
Voters,2017-02-04,46.21463,44.72782
Adults,2017-02-04,42.93061,48.55542
Adults,2017-02-03,42.87061,48.63497
Voters,2017-02-03,46.21463,44.72782
Adults,2017-02-02,43.76831,45.22588
Voters,2017-02-02,45.88868,44.48
Adults,2017-02-01,43.7891,44.59832
Voters,2017-02-01,45.86395,44.44283
Adults,2017-01-31,43.67982,43.60509
Voters,2017-01-31,45.01149,43.20672
Adults,2017-01-30,42.51344,41.65466
Voters,2017-01-30,44.67257,42.0221
Adults,2017-01-29,42.42076,41.6069
Voters,2017-01-29,44.74559,41.74476
Voters,2017-01-28,44.38777,41.58635
Adults,2017-01-28,42.51997,41.19157
Adults,2017-01-27,43.08089,40.57829
Voters,2017-01-27,44.38777,41.58635
Voters,2017-01-26,44.62692,41.1728
Adults,2017-01-26,43.21775,39.85699
Adults,2017-01-25,45.59516,45.19996
Voters,2017-01-25,48.61617,41.35324
Voters,2017-01-24,46,37
Adults,2017-01-24,45,45.74659
Voters,2017-01-23,46,37
Adults,2017-01-23,45,45
